,Nombre,Apodo,País,Año inicio,Año fin,Víctimas probadas,Víctimas estimadas,Delito principal,Forma de matar,Víctimas
0,Luis Garavito,La Bestia,Colombia,1992,1999,193,300+,Violación,Asesinato,Menores
1,Pedro López,The Monster of the Andes,Colombia,1969,1980,110,300+,Violación,Asesinato,Menores
2,Javed Iqbal,Kukri,Pakistan,1998,1999,100,100,Violación,Estrangulamiento,Menores
3,Mikhail Popkov,The Werewolf,Russia,1992,2010,78,83+,Violación,Asesinato,Personas vulnerables
4,Daniel Camargo Barbosa,,Colombia,1974,1986,72,180,Violación,Estrangulamiento,Menores
5,Pedro Rodrigues Filho,,Brazil,1967,2003,71,100+,Otros,Asesinato,Mujeres
6,Kampatimar Shankariya,I have murdered in vain,India,1977,1978,70,70+,Otros,Asesinato,Hombres
7,Yang Xinhai,Monster Killer,China,1999,2003,67,67,Otros,Disparo,Personas vulnerables
8,Samuel Little,,EEUU,1970,2005,60,93,Otros,Asesinato,Hombres
9,William Unek,,Belgian,1954,1957,57,57,Otros,Asesinato,Personas vulnerables
10,Mohammed Bijeh,,Iran,2002,2004,54,54,Violación,Asesinato,Menores
11,Andrei Chikatilo,The Butcher of Rostov,Russia,1978,1990,53,56,Otros,Disparo,Menores
12,Anatoly Onoprienko,The Beast of Ukraine,Russia,1989,1996,52,52+,Otros,Asesinato,Hombres
13,Florisvaldo de Oliveira,Cabo Bruno,Brazil,1982,1983,50,50+,Otros,Asesinato,No Clasificado
14,Gary Ridgway,Green River Killer,EEUU,1982,2000,49,90+,Otros,Asesinato,Hombres
15,Alexander Pichushkin,Chessboard Killer,Russia,1992,2006,49,60,Otros,Asesinato,Hombres
16,Wang Qiang,,China,1995,2003,45,60+,Violación,Asesinato,Desconocidos
17,Ahmad Suradji,,Indonesia,1986,1997,42,42,Otros,Estrangulamiento,Mujeres
18,Raman Raghav,,India,1965,1968,41,41,Otros,Asesinato,Personas vulnerables
19,Moses Sithole,,South Africa,1994,1995,38,76,Violación,Asesinato,Hombres
20,Omar Abdul Razeq Abdullah Rifai,,Egypt,2008,2013,38,38,Otros,Disparo,Hombres
21,Serhiy Tkach,,Russia,1984,2005,37,100+,Otros,Estrangulamiento,Mujeres
22,Gennady Mikhasevich,,Russia,1971,1985,36,55+,Otros,Estrangulamiento,Hombres
24,Vera Renczi,The Black Widow,Kingdom,1920,1930,35,~35,Otros,Veneno,Hombres
25,Fernando Hernández Leyva,,Mexico,1982,1999,33,137,Paliza,Asesinato,Hombres
26,John Wayne Gacy,Killer Clown,EEUU,1972,1978,33,34-45+,Otros,Asesinato,Menores
27,Ali Asghar Borujerdi,Asghar the Murderer,Ottoman,1907,1934,33,33,Otros,Asesinato,Desconocidos
28,Vasili Komaroff,The Wolf of Moscow,Russia,1921,1923,33,33,Otros,Asesinato,Hombres
29,Ramadan Abdel Rehim Mansour,al-Tourbini,Egypt,1999,2006,32,32+,Violación,Asesinato,Menores
30,Karl Denke,,Germany,1900,1924,30,42+,Canibalismo,Asesinato,Hombres
31,Francisco das Chagas Rodrigues de Brito,,Brazil,1989,2003,30,42,Otros,Asesinato,Menores
34,Luis Gregorio Ramírez Maestre,,Colombia,2010,2013,30,30,Otros,Asesinato,Desconocidos
35,David Thabo Simelane,,Swaziland,2000,2001,28,45,Otros,Estrangulamiento,Hombres
36,Zhang Jun,,China,1993,2000,28,28,Otros,Asesinato,Personas vulnerables
37,Mariam Soulakiotis,Mother Rasputin,Greece,1939,1951,27,177+,Otros,Asesinato,Menores
38,Cedric Maake,Wemmer Pan Killer,South Africa,1996,1997,27,35+,Otros,Disparo,Hombres
39,Volga Maniac,,Russia,2011,2012,26,32,Otros,Asesinato,Hombres
40,Bruce George Peter Lee,,United Kingdom,1973,1979,26,26,Pirómano,Asesinato,Hombres
41,The Stoneman,,India,1985,1989,25,25+,Otros,Asesinato,Personas vulnerables
43,Fritz Haarmann,,Germany,1918,1924,24,27+,Otros,Asesinato,Hombres
44,Béla Kiss,,Austria-Hungary,1912,1916,24,24+,Otros,Asesinato,Desconocidos
45,Majid Salek Mohammadi,,Iran,1981,1985,24,24,Otros,Asesinato,Menores
46,Yvan Keller,Pillow Killer,France,1989,2006,23,150,Otros,Asesinato,Hombres
47,Ronald Dominique,,EEUU,1997,2006,23,23+,Otros,Estrangulamiento,Personas vulnerables
48,Juan Fernando Hermosa,Niño del Terror,Ecuador,1991,1992,23,23,Otros,Asesinato,Homosexuales
49,Earle Nelson,Gorilla Killer,United,1926,1927,22,25,Otros,Estrangulamiento,Hombres
50,Mikhail Novosyolov,Necrophile Rebel,Russia,1977,1995,22,22,Otros,Asesinato,Hombres
51,Manuel Octavio Bermúdez,El Monstruo de los Cañaduzales,Colombia,1999,2003,21,50+,Otros,Asesinato,Menores
52,Patrick Kearney,,EEUU,1965,1977,21,43+,Otros,Asesinato,Hombres
53,William Bonin,,EEUU,1979,1980,21,36+,Otros,Asesinato,Personas vulnerables
54,Vasile Tcaciuc,,Romania,1917,1935,21,26+,Otros,Disparo,Hombres
55,Yoo Young-chul,,South,2003,2004,21,26,Otros,Asesinato,Personas vulnerables
56,Francisco Guerrero Pérez,El Chaquero,Mexico,1880,1908,21,21,Otros,Asesinato,Prostitutas
57,Ted Bundy,,EEUU,1974,1978,20,100+,Otros,Asesinato,Hombres
58,Surinder Koli,,India,2005,2006,19,30+,Violación,Asesinato,Menores
59,Larry Eyler,The Interstate Killer,EEUU,1982,1984,19,23+,Otros,Asesinato,Hombres
60,Cape Town Prostitute Killer,,South Africa,1992,1996,19,20,Otros,Apuñalamiento,Prostitutas
61,"""El Psicópata""",The Psychopath,Costa,1986,1996,19,19+,Otros,Asesinato,Personas vulnerables
62,Sergei Ryakhovsky,,Russia,1988,1993,19,19+,Otros,Asesinato,Personas vulnerables
63,Yevgeny Chuplinsky,Novosibirsk Maniac,Russia,1998,2006,19,19+,Otros,Asesinato,Hombres
64,M. Jaishankar,,India,2008,2011,19,19+,Otros,Asesinato,Hombres
65,Ansis Kaupēns,,Latvia,1920,1926,19,19,Otros,Asesinato,Personas vulnerables
66,Vadim Ershov,Krasnoyarsk Beast,Russia,1992,1995,19,19,Otros,Asesinato,Hombres
68,Valery Kopytov,The Barnaul Chikatilo,Russia,2000,2004,19,19,Otros,Asesinato,Hombres
69,Randall Woodfield,The I-5 Killer,EEUU,1979,1981,18,44,Otros,Asesinato,Hombres
70,Yavuz Yapıcıoğlu,,Turkey,1994,2002,18,40,Otros,Asesinato,Desconocidos
72,Thierry Paulin,The monster of Montmartre,France,1984,1987,18,21,Otros,Asesinato,Hombres
73,Richard Nyauza,The Quarry Murderer,South Africa,2002,2006,18,19,Paliza,Apuñalamiento,Menores
74,Umesh Reddy,,India,1996,2002,18,18+,Violación,Asesinato,Desconocidos
75,Christopher Mhlengwa Zikode,Donnybrook Serial Killer,South Africa,1994,1995,18,18+,Otros,Asesinato,Personas vulnerables
77,Kotakethana murders,,Sri,2008,2015,18,18+,Otros,Asesinato,Hombres
78,Richard Cottingham,Torso Killer,EEUU,1967,1980,17,100,Otros,Asesinato,Hombres
79,Huang Yong,,China,2001,2003,17,25,Otros,Asesinato,Menores
80,Pedro Pablo Nakada Ludeña,El Apóstol de la Muerte,Peru,2005,2006,17,25,Otros,Asesinato,Desconocidos
82,Robert Hansen,,EEUU,1971,1983,17,21,Secuestro,Asesinato,Prostitutas
83,Sergei Dovzhenko,mocking,Ukraine,1992,2002,17,19,Otros,Asesinato,Hombres
84,Donato Bilancia,Prostitutes Killer,Italy,1997,1998,17,17,Otros,Asesinato,Hombres
85,Irina Gaidamachuk,Satan in a skirt,Russia,2002,2010,17,17,Otros,Asesinato,Hombres
86,Randy Steven Kraft,score card,EEUU,1971,1983,16,67,Otros,Asesinato,Personas vulnerables
88,Michel Fourniret,,France,1987,2001,16,19,Otros,Asesinato,Desconocidos
89,Sipho Agmatir Thwala,,South Africa,1996,1997,16,19,Violación,Estrangulamiento,Hombres
90,Saeed Hanaei,cleanse,Iran,2000,2001,16,19,Otros,Asesinato,Prostitutas
91,Maina Ramulu,,India,2003,2020,16,18,Otros,Asesinato,Hombres
93,José Antonio Rodríguez Vega,,Spain,1987,1988,16,16+,Violación,Apuñalamiento,Hombres
94,Carroll Cole,,EEUU,1948,1980,16,16,Otros,Asesinato,Personas vulnerables
96,Charles Ray Hatcher,manipulative institutionalized sociopath,EEUU,1969,1982,16,16,Violación,Asesinato,Hombres
97,Yuri Ivanov,Ust-Kamenogorsk Maniac,Russia,1974,1987,16,16,Violación,Asesinato,Mujeres
98,Robert Lee Yates,Skid Row,EEUU,1975,1998,16,16,Otros,Asesinato,Prostitutas
99,Vladimir Mirgorod,The Strangler,Russia,2003,2004,16,16,Violación,Estrangulamiento,Hombres
100,Farid Baghlani,Cyclist killer,Iran,2004,2008,16,16,Otros,Asesinato,Hombres
102,Jack Mogale,,South Africa,2008,2009,16,16,Violación,Estrangulamiento,Hombres
103,Donald Henry Gaskins,The Meanest Man in America,EEUU,1953,1982,15,100+,Otros,Asesinato,Hombres
104,Ravinder Kumar,,India,2008,2015,15,30+,Violación,Asesinato,Menores
106,Ángel Maturino Reséndiz,Railroad Killer,United,1986,1999,15,18,Otros,Asesinato,Desconocidos
107,Chester Turner,,EEUU,1987,1998,15,15+,Otros,Asesinato,Personas vulnerables
108,Alexander Labutkin,One-Armed Bandit,Russia,1933,1935,15,15,Otros,Asesinato,Hombres
110,Elifasi Msomi,,South Africa,1953,1956,15,15,Otros,Asesinato,Personas vulnerables
111,Maurizio Minghella,,Italy,1978,2001,15,15,Otros,Asesinato,Hombres
112,Bai Baoshan,,China,1983,1997,15,15,Otros,Disparo,Personas vulnerables
113,Lee Choon-jae,,South,1986,1994,15,15,Otros,Estrangulamiento,Personas vulnerables
114,Carl Eugene Watts,,EEUU,1974,1982,14,100+,Otros,Asesinato,Hombres
115,Belle Gunness,,EEUU,1884,1908,14,40,Otros,Veneno,Menores
116,Philipp Tyurin,Leningrad Maniac,Russia,1945,1946,14,29,Otros,Asesinato,Hombres
117,Zdzisław Marchwicki,,Poland,1964,1970,14,21+,Otros,Asesinato,Hombres
118,Monster of Florence,,Italy,1968,1985,14,16,Otros,Disparo,Hombres
119,Julio Pérez Silva,,Chile,1998,2001,14,14+,Otros,Asesinato,Hombres
120,Joachim Kroll,Ruhr Cannibal,West,1955,1976,14,14,Canibalismo,Asesinato,Hombres
121,Arthur Shawcross,Genesee River Killer,EEUU,1972,1989,14,14,Violación,Estrangulamiento,Menores
122,Naceur Damergi,,Tunisia,1980,1988,14,14,Violación,Asesinato,Desconocidos
124,Sergey Shipilov,Velsk Chikatilo,Russia,1995,1999,14,14,Otros,Asesinato,Hombres
125,Dorángel Vargas,The People Eater,Venezuela,1997,1999,14,14,Canibalismo,Asesinato,Hombres
126,Hua Ruizhuo,,China,1998,2001,14,14,Otros,Asesinato,Prostitutas
127,Denis Pischikov,Shivering Creature,Russia,2002,2003,14,14,Otros,Asesinato,Hombres
128,Abdufatto Zamanov,,Russia,2002,2004,14,14,Violación,Asesinato,Mujeres
129,Jeong Nam-gyu,,South,2004,2006,14,14,Violación,Asesinato,Personas vulnerables
131,Jake Bird,,EEUU,1930,1947,13,46,Otros,Asesinato,Personas vulnerables
132,Cleveland Torso Murderer,The Mad Butcher of Kingsbury Run,EEUU,1934,1938,13,40+,Otros,Asesinato,Desconocidos
134,Peter Sutcliffe,Yorkshire Ripper.,United Kingdom,1975,1980,13,33,Otros,Asesinato,Hombres
135,Fosaville Serial Killer,Riverman,South Africa,1999,2003,13,26,Secuestro,Estrangulamiento,Hombres
136,Richard Ramirez,Night Stalker,EEUU,1984,1985,13,20,Otros,Asesinato,Personas vulnerables
138,Francisco Antonio Laureana,,Argentina,1974,1975,13,13+,Violación,Disparo,Hombres
139,Joseph James DeAngelo,Golden State Killer,EEUU,1979,1986,13,13+,Violación,Asesinato,Desconocidos
140,Tamara Samsonova,Granny Ripper,Russia,1995,2015,13,13+,Canibalismo,Asesinato,Hombres
142,Herbert Mullin,,EEUU,1972,1973,13,13,Otros,Asesinato,Hombres
143,Vladimir Storozhenko,Smolensky Strangler,Russia,1978,1981,13,13,Tortura,Estrangulamiento,Hombres
144,Johannes Mashiane,The Beast of Atteridgeville,South Africa,1982,1989,13,13,Otros,Asesinato,Desconocidos
145,Vasiliy Kulik,,Russia,1984,1986,13,13,Otros,Asesinato,Personas vulnerables
146,Nikolai Dudin,Grim Maniac,Russia,1987,2002,13,13,Otros,Asesinato,Hombres
147,Mukosi Freddy Mulaudzi,The Limpopo Serial Killer,South Africa,1990,2006,13,13,Otros,Asesinato,Desconocidos
148,Duan Guocheng,The Red-dress killer,China,1999,2001,13,13,Otros,Asesinato,Hombres
149,Nikolay Shubin,,Russia,2004,2006,13,13,Paliza,Asesinato,Hombres
151,"""Rainbow Maniac""",,Brazil,2007,2008,13,13,Otros,Disparo,Hombres
152,Adolf Seefeldt,Sandman,Germany,1908,1935,12,100,Otros,Veneno,Menores
153,Charles Sobhraj,The Bikini Killer,Thailand,1975,1976,12,30,Otros,Asesinato,Hombres
154,William Suff,Riverside Prostitute Killer,EEUU,1986,1992,12,22,Violación,Apuñalamiento,Prostitutas
155,Vladimir Romanov,Kaliningrad Maniac,Russia,1991,2005,12,20,Violación,Asesinato,Mujeres
156,Maury Travis,,EEUU,2000,2002,12,17,Otros,Asesinato,Prostitutas
157,Dennis Nilsen,,United Kingdom,1978,1983,12,16,Otros,Asesinato,Hombres
158,Kenneth Bianchi,Hillside Stranglers,EEUU,1977,1978,12,15,Otros,Estrangulamiento,Hombres
160,Abdallah al-Hubal,,Yemen,1990,1998,12,12,Otros,Asesinato,Hombres
162,Joseph Christopher,The Midtown Slasher,EEUU,1980,1981,12,12,Otros,Asesinato,Hombres
164,Sergey Golovkin,,Russia,1986,1992,11,40+,Otros,Disparo,Desconocidos
165,Tiago Henrique Gomes da Rocha,,Brazil,2011,2014,11,39,Otros,Asesinato,Personas vulnerables
166,Herb Baumeister,,EEUU,1990,1996,11,23,Otros,Estrangulamiento,Hombres
167,Zhang Yongming,,China,2008,2012,11,20,Otros,Asesinato,Personas vulnerables
168,Jack Unterweger,,Austria,1974,1992,11,15,Otros,Asesinato,Prostitutas
169,Vaughn Greenwood,Skid Row Slasher,EEUU,1964,1975,11,13,Otros,Asesinato,Hombres
170,Anthony Sowell,,EEUU,2007,2009,11,11+,Otros,Estrangulamiento,Hombres
171,Henri Désiré Landru,Bluebeard,France,1915,1919,11,11,Otros,Asesinato,Hombres
172,Nannie Doss,Giggling Nanny,EEUU,1927,1954,11,11,Otros,Asesinato,Hombres
173,Marie Alexandrine Becker,,Belgium,1933,1936,11,11,Otros,Veneno,Desconocidos
174,Seisaku Nakamura,Hamamatsu Deaf Killer,Japan,1938,1942,11,11,Otros,Asesinato,Hombres
176,Clifford Olson,,Canada,1980,1981,11,11,Otros,Asesinato,Desconocidos
177,Francisco García Escalero,The Killer Beggar,Spain,1987,1994,11,11,Otros,Asesinato,Hombres
178,Henry Louis Wallace,,EEUU,1990,1994,11,11,Otros,Asesinato,Hombres
179,Benjamin Atkins,The Woodward Corridor Killer,EEUU,1991,1992,11,11,Violación,Estrangulamiento,Personas vulnerables
180,Adnan Çolak,,Turkey,1992,1995,11,11,Violación,Asesinato,Hombres
181,Andre Crawford,,EEUU,1993,1999,11,11,Otros,Asesinato,Hombres
182,Francisco de Assis Pereira,O Maníaco do Parque,Brazil,1997,1998,11,11,Violación,Asesinato,Hombres
183,Barnaul Maniac,,Russia,1997,2000,11,11,Otros,Asesinato,Mujeres
184,Gao Chengyong,Chinese Jack the Ripper,China,1998,2002,11,11,Otros,Asesinato,Hombres
185,Yevgeny Petrov,Novouralsk Ripper,Russia,1998,2003,11,11,Violación,Asesinato,Mujeres
186,Ruslan Khamarov,,Ukraine,2000,2003,11,11,Violación,Asesinato,Hombres
187,West Mesa Killer,,EEUU,2003,2005,11,11,Otros,Asesinato,Hombres
188,Very Idham Henyansyah,singing serial killer,Indonesia,2006,2008,11,11,Otros,Asesinato,Personas vulnerables
190,Lonnie David Franklin Jr.,Grim Sleeper,EEUU,1985,2007,10,25+,Otros,Estrangulamiento,Hombres
191,Rudolf Pleil,The Deadmaker,West,1946,1947,10,25,Otros,Asesinato,Hombres
194,Daniel Lee Siebert,,EEUU,1979,1986,10,13,Otros,Asesinato,Menores
196,Jeanne Weber,,France,1905,1908,10,10+,Otros,Estrangulamiento,Menores
197,Nikolai Dzhumagaliev,,Russia,1979,1991,10,10+,Otros,Asesinato,Hombres
199,Stewart Wilken,Boetie Boer,South Africa,1990,1997,10,10+,Violación,Asesinato,Personas vulnerables
200,Viktor Fokin,Grandfather Ripper,Russia,1996,2000,10,10+,Otros,Asesinato,Hombres
201,David Randitsheni,,South Africa,2004,2008,10,10+,Violación,Asesinato,Personas vulnerables
202,Edmund Kemper,The Co-ed Butcher.,EEUU,1964,1973,10,10,Otros,Asesinato,Mujeres
203,Dennis Rader,,EEUU,1974,2004,10,10,Otros,Asesinato,Hombres
204,Stanislav Rogolev,Agent 000,Russia,1980,1982,10,10,Violación,Asesinato,Hombres
205,Oleg Kuznetsov,,Russia,1991,1992,10,10,Violación,Asesinato,Hombres
206,Robert Wagner,,Australia,1992,1999,10,10,Otros,Asesinato,Desconocidos
207,Satish,,India,1995,1998,10,10,Otros,Asesinato,Mujeres
208,Eduard Shemyakov,Resort Maniac,Russia,1996,1998,10,10,Violación,Asesinato,Hombres
211,Zhou Kehua,,China,2004,2012,10,10,Otros,Disparo,Hombres
212,Kang Ho-sun,,South,2006,2008,10,10,Otros,Asesinato,Mujeres
213,Masten Wanjala,bloodthirsty vampire,Kenya,2015,2021,10,10,Otros,Asesinato,Menores
214,Louis van Schoor,,South Africa,1986,1989,9,100,Otros,Asesinato,Personas vulnerables
215,Peter Kürten,The Vampire of Düsseldorf,German,1913,1930,9,79,Otros,Asesinato,Desconocidos
216,Roger Dale Stafford,,EEUU,1974,1978,9,34,Otros,Asesinato,Personas vulnerables
217,Norman Afzal Simons,Station Strangler,South Africa,1986,1994,9,22,Otros,Estrangulamiento,Menores
218,Francis Heaulme,Criminal Backpacker,France,1984,1992,9,20,Otros,Asesinato,Personas vulnerables
219,Joel Rifkin,The Drifter,EEUU,1989,1993,9,17,Otros,Asesinato,Hombres
220,Dagmar Overbye,,Denmark,1913,1920,9,15,Otros,Estrangulamiento,Menores
221,Kenneth McDuff,The Broomstick Killer,EEUU,1966,1992,9,14+,Otros,Asesinato,Desconocidos
222,Robert Joseph Silveria Jr.,The Boxcar Killer,EEUU,1981,1996,9,14+,Paliza,Asesinato,Desconocidos
223,Dr. No,,EEUU,1981,1990,9,12,Otros,Asesinato,Prostitutas
224,Richard Biegenwald,The Thrill Killer,EEUU,1958,1983,9,11+,Otros,Asesinato,Personas vulnerables
226,Alexander Bychkov,,Russia,2009,2012,9,11,Otros,Asesinato,Hombres
227,Maryvale serial shooter,,EEUU,2015,2016,9,11,Otros,Disparo,Personas vulnerables
229,Lloyd Gomez,The Phantom Hobo Killer,EEUU,1950,1951,9,9,Otros,Asesinato,Hombres
231,Keith Hunter Jesperson,Happy Face Killer,EEUU,1990,1995,8,160,Otros,Asesinato,Hombres
232,Rodney Alcala,Dating Game Killer,EEUU,1971,1979,8,130+,Otros,Asesinato,Desconocidos
233,Diego Alexánder Ruiz Restrepo,Psycopath of Meiggs,Chile,2018,2020,8,28,Otros,Asesinato,Personas vulnerables
234,Kiyotaka Katsuta,,Japan,1982,1983,8,22,Otros,Estrangulamiento,Hombres
235,Joseph Paul Franklin,,EEUU,1977,1980,8,20+,Otros,Disparo,Desconocidos
236,Pierre Chanal,,France,1980,1988,8,17,Otros,Asesinato,Hombres
238,Axeman of New Orleans,,EEUU,1918,1919,8,12+,Otros,Asesinato,Personas vulnerables
239,Vladimir Retunsky,Povorinsky Maniac,Russia,1990,1996,8,12,Violación,Asesinato,Hombres
240,Gilbert Paul Jordan,Boozing Barber,Canada,1965,1987,8,10,Otros,Veneno,Hombres
241,Yoshio Kodaira,,Republic,1932,1946,8,8+,Violación,Asesinato,Hombres
242,John Christie,,United Kingdom,1943,1953,8,8+,Otros,Estrangulamiento,Personas vulnerables
243,Eric Edgar Cooke,Night Caller,Australia,1958,1963,8,8+,Otros,Asesinato,Personas vulnerables
245,Elizabeth Wettlaufer,,Canada,2007,2018,8,8,Otros,Asesinato,Personas vulnerables
246,Bruce McArthur,,Canada,2010,2017,8,8,Otros,Asesinato,Hombres
247,Manuel Delgado Villegas,The Arrope Trader,Spain,1964,1971,7,48,Otros,Estrangulamiento,Hombres
248,Ershad Sikder,,Bangladesh,1991,1999,7,43+,Tortura,Asesinato,Desconocidos
250,Reta Mays,,EEUU,2017,2018,7,20,Otros,Asesinato,Desconocidos
251,Michael Wayne McGray,,Canada,1985,1988,7,18+,Otros,Asesinato,Hombres
252,Łódź Gay Murderer,,Poland,1988,1993,7,7,Otros,Asesinato,Hombres
253,John Floyd Thomas Jr.,,EEUU,1957,2009,7,15+,Violación,Asesinato,Desconocidos
255,David Carpenter,The Trailside Killer,EEUU,1979,1981,7,11,Otros,Asesinato,Hombres
257,Tommy Recco,,France,1960,1980,7,10,Otros,Asesinato,Hombres
259,Tomás Maldonado Cera,The Satanist,Colombia,2002,2018,7,10,Otros,Asesinato,Personas vulnerables
261,Paul Durousseau,,EEUU,1997,2003,7,7+,Otros,Estrangulamiento,Hombres
262,Todd Kohlhepp,,EEUU,2003,2016,7,7+,Otros,Disparo,Personas vulnerables
263,Aileen Wuornos,,EEUU,1989,1990,7,7,Otros,Disparo,Personas vulnerables
264,Hu Daoping,,China,2003,2005,7,7,Otros,Asesinato,Personas vulnerables
265,Nikos Metaxas,Mitsero murders.,Cyprus,2016,2018,7,7,Otros,Asesinato,Menores
266,Tommy Lynn Sells,,EEUU,1980,1999,6,70,Otros,Asesinato,Menores
267,Robert Pickton,,Canada,1983,2002,6,49,Otros,Asesinato,Hombres
268,Volker Eckert,,East,1974,2006,6,19+,Secuestro,Estrangulamiento,Hombres
269,Lorenzo Gilyard,The Kansas City Strangler,EEUU,1977,1993,6,13+,Otros,Estrangulamiento,Prostitutas
271,Gong Runbo,,China,2005,2006,6,20+,Otros,Asesinato,Menores
272,The Doodler,,EEUU,1974,1975,6,16,Otros,Apuñalamiento,Hombres
274,András Pándy,Father Bluebeard,Belgium,1986,1990,6,14+,Otros,Asesinato,Menores
275,John Wayne Glover,The Granny Killer,Australia,1989,1990,6,13,Otros,Asesinato,Hombres
276,Alexander Sergeychik,,Belarus,2000,2006,6,12,Otros,Asesinato,Personas vulnerables
277,Adrián Arroyo Gutiérrez,The Southern Psychopath,Costa,2014,2015,6,11,Violación,Estrangulamiento,Hombres
278,Joseph Naso,The Double Initial Killer,EEUU,1977,1994,6,10,Otros,Estrangulamiento,Hombres
279,Terry Peder Rasmussen,Chameleon Killer,EEUU,1978,2002,6,6+,Otros,Asesinato,Desconocidos
280,Juan Chavez,,EEUU,1986,1990,6,6+,Otros,Asesinato,Hombres
281,David Berkowitz,Son of Sam,EEUU,1976,1977,6,6,Otros,Asesinato,Hombres
282,Richard Chase,The Vampire of Sacramento,EEUU,1977,1978,6,6,Canibalismo,Asesinato,Hombres
283,Michael Terry,,EEUU,1985,1986,6,6,Otros,Asesinato,Hombres
286,Carl Panzram,,United,1915,1929,5,22,Otros,Asesinato,Hombres
288,Stephen Akinmurele,,United Kingdom,1995,1998,5,15,Otros,Asesinato,Hombres
289,Joe Metheny,,EEUU,1976,1996,5,13,Otros,Asesinato,Personas vulnerables
290,Michel Peiry,Sadist of Romont,Switzerland,1981,1987,5,11,Otros,Asesinato,Hombres
291,Hubert Pilčík,,Czechoslovakia,1948,1951,5,10+,Otros,Asesinato,Hombres
292,Willem van Eijk,Het Beest van Harkstede,Netherlands,1971,2001,5,8,Otros,Asesinato,Hombres
293,Thomas Dillon,,EEUU,1989,1992,5,5+,Otros,Asesinato,Hombres
294,Marc Dutroux,,Belgium,1995,1996,5,5+,Otros,Asesinato,Menores
296,Jerome Dennis,,EEUU,1991,1992,5,5,Otros,Asesinato,Hombres
297,Belize Ripper,,Belize,1998,2000,5,5,Secuestro,Asesinato,Mujeres
298,Alexander Spesivtsev,The Novokuznetsk Monster,Russia,1991,1996,4,82+,Canibalismo,Asesinato,Mujeres
299,Charlie Brandt,,EEUU,1971,2004,4,29,Otros,Asesinato,Mujeres
300,Robert Black,,United,1981,1986,4,18+,Violación,Asesinato,Menores
301,Max Gufler,,Austria,1946,1958,4,18,Otros,Estrangulamiento,Hombres
303,Baekuni,,Indonesia,1993,2010,4,14,Violación,Asesinato,Menores
304,Igor Chernat,Evil Spirit of Kaukjarvi,Russia,1985,1986,4,13,Violación,Asesinato,Hombres
305,Ricky Lee Green,,EEUU,1985,1986,4,12,Otros,Asesinato,Personas vulnerables
307,William Dean Christensen,The American Jack the Ripper,United,1982,1983,4,10+,Otros,Asesinato,Hombres
309,John Cooper,,United Kingdom,1985,1998,4,9,Otros,Disparo,Hombres
310,Oba Chandler,,EEUU,1989,1990,4,4+,Otros,Asesinato,Personas vulnerables
312,Robert Mone,,United Kingdom,1967,1976,4,4,Otros,Disparo,Hombres
313,Jerry Brudos,,EEUU,1968,1969,4,4,Otros,Asesinato,Hombres
314,Robert Maudsley,,United Kingdom,1974,1978,4,4,Otros,Asesinato,Menores
315,Aalt Mondria,,Netherlands,1978,1997,4,4,Otros,Asesinato,Hombres
316,Tsutomu Miyazaki,,Japan,1988,1989,4,4,Otros,Asesinato,Mujeres
317,Cody Legebokoff,,Canada,2009,2010,4,4,Otros,Asesinato,Hombres
318,Stephen Port,The Grindr Killer,United Kingdom,2014,2015,4,4,Violación,Asesinato,Homosexuales
320,Albert Fish,,EEUU,1924,1932,3,100+,Violación,Asesinato,Menores
321,Robert Ben Rhoades,,EEUU,1989,1990,3,50+,Otros,Asesinato,Hombres
322,Peter Tobin,,United Kingdom,1991,2006,3,48,Violación,Asesinato,Hombres
325,Dorothea Puente,,EEUU,1982,1988,3,25,Otros,Veneno,Hombres
326,Billy Glaze,Butcher Knife Billy,EEUU,1986,1987,3,20+,Violación,Asesinato,Prostitutas
328,Bertha Gifford,,EEUU,1909,1928,3,17,Otros,Veneno,Menores
329,Bernhard Prigan,,Allied-occupied,1947,1952,3,16,Otros,Asesinato,Hombres
330,Patrick Mackay[a],,United Kingdom,1973,1975,3,13,Otros,Asesinato,Personas vulnerables
331,Koos Hertogs,,Netherlands,1979,1980,3,12,Violación,Asesinato,Mujeres
332,Michael Gargiulo,The Hollywood Ripper,EEUU,1993,2008,3,10,Otros,Apuñalamiento,Hombres
333,Chisako Kakehi,,Japan,2007,2013,3,10,Otros,Veneno,Hombres
334,Heriberto Seda,,EEUU,1990,1996,3,8+,Otros,Asesinato,Personas vulnerables
336,Stephen Griffiths,Crossbow Cannibal,United Kingdom,2009,2010,3,6,Canibalismo,Asesinato,Prostitutas
338,Levi Bellfield,,United Kingdom,2002,2004,3,5,Otros,Asesinato,Menores
341,François Vérove,Le Grêlé,France,1986,1994,3,9+,Violación,Asesinato,Menores
343,Harvey Carignan,,EEUU,1949,1974,3,3+,Violación,Asesinato,Hombres
344,John Joubert,,EEUU,1982,1983,3,3+,Otros,Asesinato,Desconocidos
345,"""Bible John""",,United Kingdom,1968,1969,3,3,Otros,Asesinato,Hombres
346,Leonarda Cianciulli,,Italy,1939,1940,3,3,Otros,Asesinato,Hombres
347,Sharon Kinne,,EEUU,1960,1964,3,3,Otros,Asesinato,Hombres
348,Ted Kaczynski,Unabomber,EEUU,1978,1995,3,3,Otros,Asesinato,Hombres
351,Larry Hall,,EEUU,1980,1994,2,50+,Violación,Asesinato,Mujeres
352,Harold Shipman,,United Kingdom,1975,1998,218,250,Otros,Asesinato,Personas vulnerables
353,Niels Högel,,Germany,1999,2005,85+,300,Otros,Asesinato,Hombres
355,Louay Omar Mohammed al-Taei,,Iraq,2005,2006,43,Unconfirmed,Otros,Asesinato,Hombres
356,Donald Harvey,,EEUU,1970,1987,37,87,Otros,Asesinato,Personas vulnerables
357,Jane Toppan,,EEUU,1885,1901,31,Unconfirmed,Otros,Veneno,Hombres
358,Charles Cullen,,EEUU,1988,2003,29,400+,Otros,Asesinato,Personas vulnerables
359,Stephan Letter,,Germany,2003,2004,29,29+,Otros,Asesinato,Hombres
360,Anders Hansson,The Hospital Murders,Sweden,1978,1979,27,Unconfirmed,Otros,Veneno,Personas vulnerables
361,Marcel Petiot,,France,1926,1944,26,63,Otros,Asesinato,Desconocidos
363,Roger Andermatt,Death-Keeper of Lucerne,Switzerland,1995,2001,22,22,Otros,Asesinato,Hombres
364,Maxim Petrov,,Russia,2000,2002,12,19,Otros,Asesinato,Personas vulnerables
366,Ludivine Chambet,The Poisoner of Chambéry,France,2012,2013,10,10,Otros,Veneno,Hombres
368,Orville Lynn Majors,,EEUU,1993,1995,6,130,Otros,Asesinato,Hombres
369,Efren Saldivar,,EEUU,1989,1997,6,50+,Violación,Asesinato,Hombres
371,Antoinette Scieri,,France,1924,1925,6,12+,Otros,Veneno,Personas vulnerables
372,Ahmad Ahmadi,,Imperial,1931,1944,6,Unconfirmed,Otros,Asesinato,Desconocidos
373,Frans Hooijmaijers,,Netherlands,1970,1975,5,259,Otros,Asesinato,Personas vulnerables
374,Miyuki Ishikawa,,Japan,1946,1948,5,84,Otros,Asesinato,Menores
375,Kristen Gilbert,,EEUU,1990,1996,5,70+,Otros,Asesinato,Personas vulnerables
376,Amy Archer-Gilligan,,EEUU,1910,1917,5,48+,Otros,Veneno,Hombres
377,Sonya Caleffi,,Italy,2003,2004,5,18,Otros,Veneno,Hombres
378,Michael Swango,,United,1981,1997,4,60+,Otros,Asesinato,Personas vulnerables
384,Andrés Ulises Castillo Villarreal,The Chihuahua Ripper,Mexico,2009,2015,3,12+,Violación,Asesinato,Hombres
385,Elfriede Blauensteiner,The Black Widow,Austria,1981,1995,3,10+,Otros,Veneno,Personas vulnerables
386,Benjamin Geen,,United Kingdom,2003,2004,2,12,Otros,Asesinato,Hombres
389,Philadelphia poison ring,,EEUU,1931,1938,114,Unconfirmed,Otros,Veneno,Hombres
390,Delfina and María de Jesús González,,Mexico,1955,1964,91+,Unconfirmed,Otros,Asesinato,Hombres
391,"Peng Miaoji, Ding Yunjia and Su Xiaoping",,China,1998,1999,77,84,Otros,Asesinato,Personas vulnerables
392,David Avendaño Ballina and his followers,,Mexico,1997,2007,70,70,Otros,Veneno,Desconocidos
393,Angel Makers of Nagyrév,,Hungary,1911,1929,50,300+,Otros,Veneno,Menores
394,Long Zhimin and Yan Shuxia,,China,1983,1985,48,48+,Otros,Asesinato,Personas vulnerables
395,"Bian Kuang, Fu Xinyuan and Luo Lianshun",,China,2001,2002,41,Unconfirmed,Violación,Asesinato,Hombres
397,Ryno-Skachevsky gang,,Russia,2006,2007,37,Unconfirmed,Otros,Asesinato,Personas vulnerables
398,Gang of Amazons,,Russia,2003,2013,30,Unconfirmed,Otros,Asesinato,Hombres
399,"Dean Corll, David Owen Brooks and Elmer Wayne Henley",The Candy Man,EEUU,1970,1973,28,29+,Otros,Disparo,Menores
400,Brabant killers,,Belgium,1982,1985,28,40+,Otros,Asesinato,Menores
401,Adolfo Constanzo and Sara Aldrete,The Godparents of Matamoros,Mexico,1986,1989,25+,Unconfirmed,Secuestro,Asesinato,Hombres
402,Shankill Butchers,,United Kingdom,1975,1982,23,23+,Otros,Asesinato,Personas vulnerables
406,Anísio Ferreira de Sousa and followers,,Brazil,1989,1992,19,Unconfirmed,Secuestro,Asesinato,Menores
407,Ripper Crew,,EEUU,1981,1982,18,Unconfirmed,Violación,Asesinato,Hombres
409,Vladyslav Volkovich and Volodymyr Kondratenko,The Nighttime Killers,Ukraine,1991,1997,16,20+,Otros,Asesinato,Hombres
410,Death Angels,,EEUU,1973,1974,16,Unconfirmed,Otros,Asesinato,Personas vulnerables
411,Lainz Angels of Death,Lainz Angels of Death,Austria,1983,1989,15,200+,Otros,Asesinato,Personas vulnerables
412,The Cleaners,,Russia,2014,2015,15,15+,Otros,Asesinato,Hombres
413,Fred West and Rosemary West,,United Kingdom,1967,1987,12,30,Violación,Asesinato,Hombres
415,"John Justin Bunting, Robert Joe Wagner and James Spyridon Vlassakis",,Australia,1992,1999,12,Unconfirmed,Otros,Asesinato,Personas vulnerables
416,Mailoni Brothers,,Zambia,2007,2013,12,Unconfirmed,Otros,Asesinato,Hombres
417,Leonard Lake and Charles Ng,,EEUU,1982,1985,11,25,Secuestro,Asesinato,Menores
418,Shen Changyin and Shen Changping,,China,1999,2004,11,Unconfirmed,Otros,Asesinato,Prostitutas
419,Polatbay Berdaliyev and Abduseit Ormanov,,Uzbekistan,2011,2012,11,Unconfirmed,Violación,Asesinato,Hombres
420,Wolfgang Abel and Marco Furlan,Ludwig,Italy,1977,1984,10,27,Otros,Asesinato,Personas vulnerables
421,Juan Carlos Hernández and Patricia Martínez,Monsters of Ecatepec,Mexico,2012,2018,10,20,Violación,Asesinato,Hombres
422,Hillside Stranglers,,EEUU,1977,1979,10,10,Violación,Asesinato,Mujeres
423,Joshi-Abhyankar serial murderers,,India,1976,1977,10,Unconfirmed,Otros,Estrangulamiento,Personas vulnerables
424,Gerald and Charlene Gallego,,EEUU,1978,1980,10,Unconfirmed,Otros,Asesinato,Hombres
425,Viña del Mar psychopaths,,Chile,1980,1981,10,Unconfirmed,Violación,Asesinato,Personas vulnerables
427,National Socialist Underground,,Germany,2000,2007,10,Unconfirmed,Paliza,Disparo,Personas vulnerables
428,Song Jinghua and Yan Jinguang,,China,2005,2007,9,Unconfirmed,Otros,Asesinato,Hombres
429,Tadeusz Grzesik and the Bureaucrats Gang,,Poland,1991,2007,8,20+,Otros,Asesinato,Personas vulnerables
430,Edgar Álvarez Cruz and Francisco Granados,,Mexico,1993,2003,8–10,14+,Violación,Asesinato,Hombres
431,The Ciudad Juárez Rebels,,Mexico,1995,1996,8,14,Otros,Asesinato,Hombres
432,The Manson Family cult killings,,EEUU,1967,1969,7,7,Otros,Asesinato,Hombres
433,Christopher Worrell and James Miller,Truro Murderers,Australia,1976,1977,7,Unconfirmed,Otros,Asesinato,Personas vulnerables
434,Kiss brothers and Zsolt István Pető,,Hungary,2008,2009,6,Unconfirmed,Otros,Asesinato,Personas vulnerables
435,Ray and Faye Copeland,,EEUU,1986,1989,5,12,Otros,Asesinato,Hombres
436,Ian Brady and Myra Hindley,Moors murders,United Kingdom,1963,1965,5,12,Violación,Asesinato,Menores
438,Loren Herzog and Wesley Shermantine,Speed Freak Killers,EEUU,1984,1999,4,19,Otros,Asesinato,Desconocidos
439,Raymond Fernandez and Martha Beck,Lonely Hearts Killers,EEUU,1947,1949,3,20,Otros,Asesinato,Hombres
440,Beasts of Satan,,Italy,1998,2004,3,18,Otros,Asesinato,Desconocidos
441,James Paster and Stephen McCoy,,EEUU,1980,1981,3,5,Otros,Asesinato,Desconocidos
442,Amelia Sach and Annie Walters,Finchley baby farmers,United Kingdom,1900,1903,1[note 1],300+,Otros,Asesinato,Menores
443,Bruno Lüdke,,Germany,1928,1943,51,86,Otros,Asesinato,Hombres
444,Gerald Stano,,EEUU,1969,1980,22+,41,Otros,Asesinato,Hombres
447,Charles Quansah,,Ghana,1993,2001,8,34,Violación,Estrangulamiento,Hombres
448,Ottis Toole,,EEUU,1980,1983,7,125,Violación,Asesinato,Desconocidos
449,Pedro Rosa da Conceição,,Brazil,1904,1911,5,17,Otros,Asesinato,Personas vulnerables
450,Henry Lee Lucas,,EEUU,1960,1983,3,600+,Canibalismo,Asesinato,Mujeres
451,Wayne Williams,,EEUU,1979,1981,2,31,Otros,Asesinato,Hombres
453,Allan Grimson,a serial killer in nature if not in number,United Kingdom,1986,1998,2,22,Otros,Asesinato,Personas vulnerables
455,Joe Ball,Butcher of Elmendorf,EEUU,1937,1938,2,20,Otros,Disparo,Hombres
463,Bevan Spencer von Einem,The Family Murders,Australia,1979,1983,1,10,Violación,Asesinato,Menores
468,Edgar Matobato,,Philippines,1988,2013,0,Hundreds,Otros,Asesinato,Hombres
469,John Bodkin Adams,,United Kingdom,1946,1956,0,163,Otros,Asesinato,Desconocidos
470,The Man from the Train,,EEUU,1898,1912,0,100+,Otros,Asesinato,Hombres
472,David Parker Ray,Toybox Killer,EEUU,1950,1999,0,60,Violación,Asesinato,Hombres
473,Howard Martin,hastening,United Kingdom,1977,2010,0,18+[d],Otros,Asesinato,Personas vulnerables
474,Marie Besnard,,France,1927,1949,0,13,Otros,Veneno,Desconocidos
481,Alice Kyteler,The Witch of Kilkenny,Ireland,1302,1324,Unconfirmed,4,Tortura,Veneno,Hombres
482,Gilles de Rais,,France,1432,1440,Unconfirmed,140+,Otros,Asesinato,Menores
487,Elizabeth Báthory,The Blood Countess,Hungary,1585,1610,Unconfirmed,650,Tortura,Asesinato,Mujeres
488,Björn Pétursson,Shoulder-Bear,Dano-Norwegian,1570,1596,Unconfirmed,18,Otros,Asesinato,Personas vulnerables
493,Aqua Tofana poison ring,,Spain,1633,1651,Unconfirmed,100+,Otros,Veneno,Mujeres
496,"Marie-Madeleine-Marguerite d'Aubrey, Madame de Brinvilliers and Godin de Sainte-Croix",,France,1666,1670,Unconfirmed,50+,Otros,Veneno,Hombres
499,Darya Nikolayevna Saltykova,,Russia,1755,1762,Unconfirmed,147,Tortura,Asesinato,Desconocidos
500,Crown Prince Sado,,Joseon,1757,1762,Unconfirmed,100+,Violación,Asesinato,Desconocidos
503,Samuel Frost,,EEUU,1783,1793,Unconfirmed,2,Otros,Asesinato,Hombres
504,Thug Behram,King of the Thugs,Mughal,1790,1840,Unconfirmed,931,Otros,Estrangulamiento,Hombres
505,Micajah and Wiley Harpe,Big,EEUU,1797,1803,Unconfirmed,40,Otros,Disparo,Hombres
506,Samuel Mason,,United,1797,1803,Unconfirmed,20+,Otros,Disparo,Hombres
507,Sophie Charlotte Elisabeth Ursinus,,Holy,1800,1803,Unconfirmed,3,Otros,Veneno,Desconocidos
508,Patty Cannon's gang,,EEUU,1802,1829,Unconfirmed,400+,Secuestro,Asesinato,Menores
509,Mary Bateman,The Yorkshire Witch,United Kingdom,1803,1808,Unconfirmed,4,Otros,Veneno,Hombres
510,"""Red Inn"" murderers",,French,1805,1830,Unconfirmed,50+?,Otros,Asesinato,Desconocidos
511,Anna Maria Zwanziger,,Confederation,1808,1809,Unconfirmed,4,Otros,Veneno,Personas vulnerables
514,Gesche Gottfried,,Bremen,1813,1827,Unconfirmed,15,Otros,Veneno,Hombres
515,Konstantin Sazonov [ru],,Russia,1814,1816,Unconfirmed,7,Otros,Asesinato,Desconocidos
516,Juan Severino Mallari,,Philippines,1816,1826,Unconfirmed,57 (as confessed),Otros,Asesinato,Mujeres
517,Samuel Green and William Ash,America's first Public enemy number one,United,1817,1821,Unconfirmed,30,Violación,Asesinato,Desconocidos
518,Thomas Jeffries (or Jeffrey),,Australia,1820,1826,Unconfirmed,8,Secuestro,Asesinato,Hombres
520,Alexander Pearce,,Australia,1822,1823,Unconfirmed,5,Canibalismo,Asesinato,Hombres
524,Delphine LaLaurie,,EEUU,1831,1834,Unconfirmed,4,Tortura,Asesinato,Hombres
525,Elizabeth Van Valkenburgh,,EEUU,1833,1845,Unconfirmed,2,Otros,Veneno,Desconocidos
526,Hélène Jégado,,France,1833,1851,Unconfirmed,36,Otros,Veneno,Hombres
527,Pierre François Lacenaire,,France,1834,1835,Unconfirmed,2,Otros,Apuñalamiento,Mujeres
529,Hannah Hanson Kinney,,EEUU,1835,1840,Unconfirmed,3,Otros,Veneno,Hombres
530,John Lynch,The Berrima Axe Murderer,New,1835,1841,Unconfirmed,10,Otros,Asesinato,Personas vulnerables
531,Diogo Alves,Aqueduct Murderer,Portugal,1836,1841,Unconfirmed,70+,Otros,Asesinato,Personas vulnerables
532,Sarah Dazley,,United Kingdom,1840,1843,Unconfirmed,3,Otros,Veneno,Menores
534,Manuel Blanco Romasanta,The Werewolf of Allariz,Spain,1844,1852,Unconfirmed,14,Otros,Asesinato,Menores
535,Edward Rulloff,The Genius Killer,EEUU,1844,1870,Unconfirmed,7,Otros,Asesinato,Hombres
536,Hendrikje Doelen,,Netherlands,1845,1846,Unconfirmed,3,Otros,Veneno,Hombres
540,Boone Helm,,United,1851,1864,Unconfirmed,24+,Canibalismo,Asesinato,Hombres
542,Catherine Wilson,,United Kingdom,1854,1862,Unconfirmed,8,Otros,Veneno,Hombres
543,Martin Dumollard,,France,1855,1861,Unconfirmed,30+,Otros,Asesinato,Hombres
544,Lydia Sherman,The Derby Poisoner,EEUU,1858,1871,Unconfirmed,11,Otros,Veneno,Menores
547,Dan Morgan,,New,1864,1865,Unconfirmed,3,Otros,Disparo,Desconocidos
548,Thomas and John Clarke,,New,1861,1867,Unconfirmed,5,Otros,Disparo,Desconocidos
549,Matti Haapoja,,Finland,1867,1894,Unconfirmed,10,Otros,Asesinato,Personas vulnerables
551,"""Wild"" Bill Longley",,EEUU,1869,1878,Unconfirmed,32,Otros,Asesinato,Menores
553,Juan Díaz de Garayo,The Fat Extractor,Spain,1870,1879,Unconfirmed,6,Otros,Estrangulamiento,Hombres
554,Jesse Pomeroy,The Boy Fiend,EEUU,1871,1874,Unconfirmed,2,Tortura,Asesinato,Menores
555,The Bloody Benders,,EEUU,1872,1873,Unconfirmed,12,Otros,Asesinato,Personas vulnerables
556,Baptistine Philip,,France,1871,1878,Unconfirmed,3,Otros,Veneno,Desconocidos
557,Stephen D. Richards,The Nebraska Fiend,EEUU,1876,1878,Unconfirmed,9+,Otros,Asesinato,Menores
558,Bochum Serial Sex Murderer,,Germany,1878,1882,Unconfirmed,8,Violación,Estrangulamiento,Hombres
559,Victor Prévost,The Butcher of the Chapel,France,1867,1879,Unconfirmed,4,Otros,Asesinato,Hombres
560,Thomas Neill Cream,The Lambeth Poisoner,Canada,1879,1892,Unconfirmed,8,Otros,Veneno,Hombres
561,Amelia Dyer,,United Kingdom,1879,1896,Unconfirmed,400+,Otros,Estrangulamiento,Desconocidos
562,Catherine Flannagan and Margaret Higgins,The Black Widows of Liverpool,United Kingdom,1880,1883,Unconfirmed,8,Otros,Veneno,Personas vulnerables
563,Maria Swanenburg,,Netherlands,1880,1883,Unconfirmed,90+,Otros,Veneno,Personas vulnerables
564,Robert Butler,,New,1880,1905,Unconfirmed,4,Otros,Asesinato,Hombres
565,Francisco Guerrero,The Vests Man,Mexico,1880,1908,Unconfirmed,21,Violación,Estrangulamiento,Hombres
567,Émile Dubois,,France,1882,1905,Unconfirmed,6,Otros,Asesinato,Hombres
569,Martha Needle,,Victoria,1885,1894,Unconfirmed,5,Otros,Veneno,Menores
572,Thames Torso Murderer,,United Kingdom,1887,1889,Unconfirmed,4,Otros,Asesinato,Personas vulnerables
580,H. H. Holmes,,United,1891,1894,Unconfirmed,9,Otros,Asesinato,Menores
584,Louise Vermilya,,EEUU,1893,1911,Unconfirmed,9,Otros,Veneno,Desconocidos
587,Diogo Figueira da Rocha,,Empire,1894,1897,Unconfirmed,50+,Otros,Asesinato,Hombres
588,Joseph Vacher,The French Ripper,France,1894,1897,Unconfirmed,27+,Violación,Apuñalamiento,Menores
590,Cayetano Domingo Grossi,,Argentina,1896,1898,Unconfirmed,5,Violación,Asesinato,Menores
592,George Chapman,,United Kingdom,1897,1902,Unconfirmed,3,Otros,Veneno,Desconocidos
593,Andrew Christie,Christie-Cleek,Scotland,1320,1339,Unconfirmed,Unconfirmed,Canibalismo,Asesinato,Desconocidos
594,Christman Genipperteinga,,Holy,1568,1581,Unconfirmed,Unconfirmed,Tortura,Asesinato,Hombres
595,Sawney Bean's clan,,Scotland,1575,1600,Unconfirmed,Unconfirmed,Canibalismo,Asesinato,Hombres
596,Don Vincente,,Spain,1834,1836,Unconfirmed,Unconfirmed,Otros,Asesinato,Hombres
597,"Agnus McVee, Jim McVee and Al Riley",,Canada,1875,1885,Unconfirmed,Unconfirmed,Secuestro,Asesinato,Hombres
598,"Ables, Tony",,EEUU,1970,1990,4,4+,Otros,Asesinato,Hombres
599,"Acevedo, Francisco",,EEUU,1989,1996,3,3,Otros,Estrangulamiento,Prostitutas
600,"Adams, Edward James",,EEUU,1920,1921,7,7,Otros,Asesinato,Hombres
601,"Agrue, John",,EEUU,1966,1982,3,3+,Otros,Asesinato,Hombres
602,"Albanese, Charles",,EEUU,1980,1981,3,3,Otros,Veneno,Personas vulnerables
603,"Albright, Charles",Eyeball Killer,EEUU,1990,1991,1,3,Otros,Asesinato,Hombres
604,"Alcala, Rodney",The Dating Game Killer,EEUU,1971,1979,8,130+,Otros,Asesinato,Desconocidos
605,"Alix, Franklin DeWayne",,EEUU,1997,1998,3,4+,Otros,Asesinato,Personas vulnerables
606,"Allen, Herman",,EEUU,1930,1942,4,4,Otros,Disparo,Personas vulnerables
607,"Allen, Howard",,EEUU,1974,1987,3,3,Otros,Asesinato,Desconocidos
610,"Allridge, Ronald",,EEUU,1976,1985,4,4,Otros,Asesinato,Personas vulnerables
611,"Alston, Robert Sylvester",,EEUU,1991,1993,4,6,Violación,Estrangulamiento,Prostitutas
613,"Anderson, Joshua",,EEUU,2006,2007,4,5,Canibalismo,Disparo,Personas vulnerables
614,"Anderson, Stephen Wayne",,EEUU,1973,1980,9,9+,Otros,Asesinato,Personas vulnerables
616,"Archerd, William Dale",,EEUU,1947,1966,3,6,Otros,Asesinato,Desconocidos
617,"Archer-Gilligan, Amy",,EEUU,1910,1917,10,50,Otros,Veneno,Desconocidos
619,"Armstrong, John Eric",,EEUU,1992,1999,5,18,Otros,Asesinato,Prostitutas
620,"Atkins, Benjamin",The Woodward Corridor Killer,EEUU,1991,1992,11,11,Violación,Asesinato,Hombres
621,"Atkins, Joseph",,EEUU,1969,1985,3,3,Otros,Asesinato,Hombres
622,"Avalos, Johnny",,EEUU,2012,2015,5,5,Violación,Estrangulamiento,Hombres
623,"Avila-Torrez, Jorge",,EEUU,2005,2009,3,3,Otros,Asesinato,Mujeres
624,"Balaam, Anthony",The Trenton Strangler,EEUU,1994,1996,4,4,Violación,Estrangulamiento,Hombres
625,"Baldi, Joseph",The Queens Creeper,EEUU,1970,1972,4,4,Otros,Apuñalamiento,Hombres
626,"Ball, Joe",The Alligator Man,EEUU,1936,1938,2,20,Otros,Asesinato,Hombres
627,"Barber, Danny",,EEUU,1977,1979,4,4,Otros,Asesinato,Personas vulnerables
628,"Barfield, Velma",,EEUU,1971,1978,1,6,Otros,Asesinato,Hombres
630,"Barone, Cesar",,EEUU,1991,1993,4,4+,Otros,Asesinato,Hombres
632,"Barrett, Eugene",,EEUU,1959,1995,3,3,Otros,Asesinato,Hombres
634,"Baughman, John",,EEUU,1970,1995,1,3,Otros,Asesinato,Desconocidos
635,"Baumeister, Herb",,EEUU,1980,1996,11,20,Otros,Asesinato,Personas vulnerables
636,"Baxter, Patrick",,EEUU,1987,1990,3,3,Violación,Asesinato,Hombres
637,"Beamon, Rocky",,EEUU,2005,2017,3,3,Otros,Asesinato,Hombres
638,"Beardslee, Donald",,EEUU,1969,1981,3,3,Otros,Asesinato,Hombres
639,"Beck, Martha",The Lonely Hearts Killers,EEUU,1947,1949,3,20,Otros,Asesinato,Desconocidos
640,"Bell, Cimarron",,EEUU,2003,2004,4,4,Otros,Disparo,Hombres
641,Bender Family,,EEUU,1869,1872,11,11+,Otros,Asesinato,Personas vulnerables
642,"Berdella, Robert",The Kansas City Butcher,EEUU,1984,1987,6,6,Violación,Asesinato,Hombres
643,"Berkowitz, David",The Son of Sam,EEUU,1976,1977,6,6,Otros,Disparo,Desconocidos
644,"Betterton, Monroe",,EEUU,1904,1919,3,3,Otros,Asesinato,Hombres
645,"Bianchi, Kenneth",The Hillside Stranglers,EEUU,1977,1978,12,12,Otros,Estrangulamiento,Hombres
646,"Biegenwald, Richard",,EEUU,1958,1983,6,11,Otros,Asesinato,Desconocidos
647,"Biehler, Robert",,EEUU,1966,1973,4,4,Otros,Disparo,Personas vulnerables
648,"Bird, Jake",,EEUU,1930,1947,2,46,Otros,Asesinato,Personas vulnerables
649,"Bishop, Arthur Gary",,EEUU,1979,1983,5,5,Otros,Asesinato,Menores
653,"Bladel, Rudy",The Railway Killer,EEUU,1963,1978,3,7,Otros,Asesinato,Desconocidos
654,"Blair, Terry",,EEUU,1982,2004,7,9,Otros,Asesinato,Desconocidos
656,"Bloomfield, Clifton",,EEUU,2005,2008,5,5,Otros,Asesinato,Personas vulnerables
657,"Bolin, Oscar Ray",,EEUU,1986,1987,4,4+,Otros,Asesinato,Hombres
658,"Bolsinger, John Charles",,EEUU,1980,1988,4,4,Violación,Asesinato,Hombres
659,"Bonin, William",The Freeway Killer,EEUU,1979,1980,21,36+,Otros,Asesinato,Hombres
662,"Boyd, Charles Anthony",The Bathroom Slayer,EEUU,1986,1987,3,3,Otros,Asesinato,Hombres
664,"Bradley, James Opelton",,EEUU,1988,2014,3,3,Otros,Asesinato,Hombres
665,"Brandt, Charlie",,EEUU,1971,2004,4,7+,Otros,Apuñalamiento,Mujeres
666,"Brant, Joe",,EEUU,2007,2008,4,4+,Otros,Asesinato,Hombres
667,"Brashers, Robert Eugene",Mister Maroon,EEUU,1990,1998,3,3+,Otros,Asesinato,Desconocidos
668,"Breslin, Joseph",,EEUU,1968,1982,3,3,Otros,Asesinato,Mujeres
669,"Bright, Larry",The Bonecrusher,EEUU,2003,2004,8,8+,Otros,Estrangulamiento,Prostitutas
672,"Broadnax, Donald",,EEUU,1977,1996,3,3,Otros,Disparo,Desconocidos
673,"Brooks, Shelly",,EEUU,2001,2006,7,20+,Violación,Asesinato,Hombres
674,"Brown, Curtis Don",,EEUU,1985,1986,3,18,Otros,Asesinato,Hombres
676,"Brown, Kenyel",The Metro Detroit Serial Killer,EEUU,2019,2020,6,6,Otros,Asesinato,Desconocidos
677,"Brown, Raymond Eugene",,EEUU,1960,1987,5,5,Otros,Asesinato,Menores
678,"Browne, Robert Charles",,EEUU,1970,1995,2,2+,Otros,Asesinato,Hombres
679,"Brudos, Jerry",The Lust Killer,EEUU,1968,1969,4,4+,Otros,Asesinato,Desconocidos
680,"Brummett, Lyle",,EEUU,1975,1976,2,3,Violación,Estrangulamiento,Hombres
681,"Buell, Robert Anthony",,EEUU,1981,1983,2,3+,Violación,Estrangulamiento,Mujeres
682,"Buenoano, Judy",,EEUU,1971,1983,3,3+,Otros,Veneno,Desconocidos
683,"Bullock, David",The .38 Caliber Killer,EEUU,1981,1982,6,6+,Otros,Disparo,Personas vulnerables
684,"Bunday, Thomas",,EEUU,1979,1981,5,6,Otros,Asesinato,Desconocidos
686,"Bundy, Ted",,EEUU,1971,1978,28,30+,Otros,Asesinato,Hombres
687,"Buono Jr., Angelo",The Hillside Stranglers,EEUU,1977,1978,9,10,Otros,Estrangulamiento,Hombres
688,"Burchart, Leslie",,EEUU,1994,1996,3,7+,Otros,Asesinato,Hombres
689,"Burkett, Nathaniel",,EEUU,1978,2002,5,5+,Otros,Asesinato,Hombres
690,"Burkhart, Timothy",,EEUU,1986,2001,4,4+,Otros,Asesinato,Mujeres
692,"Butler, Eugene",,EEUU,1900,1906,6,6,Otros,Asesinato,Hombres
693,"Cable, James Ray",,EEUU,1977,1989,4,6+,Violación,Asesinato,Hombres
694,"Canaday, John Dwight",,EEUU,1968,1969,3,3,Otros,Asesinato,Desconocidos
695,"Cannon, Patty",,EEUU,1802,1829,4,25+,Secuestro,Asesinato,Desconocidos
696,"Caputo, Ricardo",,EEUU,1971,1977,4,6,Otros,Asesinato,Hombres
697,"Carignan, Harvey",The Want-Ad Killer,EEUU,1949,1974,3,5+,Otros,Asesinato,Desconocidos
698,"Caro, Fernando Eros",,EEUU,1979,1980,3,5+,Violación,Disparo,Menores
699,"Carpenter, David",The Trailside Killer,EEUU,1979,1981,7,10+,Violación,Asesinato,Hombres
700,"Carr, Robert Frederick",,EEUU,1972,1976,4,4,Otros,Asesinato,Menores
702,"Carson, Michael Bear",The San Francisco Witch Killers,EEUU,1981,1983,3,12,Otros,Asesinato,Desconocidos
703,"Carson, Suzan",The San Francisco Witch Killers,EEUU,1981,1983,3,12,Otros,Asesinato,Desconocidos
704,"Castro, Edward",,EEUU,1986,1987,3,3,Otros,Asesinato,Hombres
705,"Catlin, Steven David",,EEUU,1976,1984,3,3,Otros,Veneno,Mujeres
706,"Catoe, Jarvis",D.C. Strangler,EEUU,1935,1941,8,11,Otros,Estrangulamiento,Desconocidos
707,"Chadd, Billy Lee",,EEUU,1974,1978,3,4,Violación,Asesinato,Hombres
708,"Chandler, Oba",Dave Posner,EEUU,1989,1990,4,4+,Otros,Asesinato,Desconocidos
709,"Chase, Richard",The Vampire of Sacramento,EEUU,1977,1978,6,6,Otros,Asesinato,Hombres
710,"Chavez, Juan",,EEUU,1986,1990,6,6+,Otros,Asesinato,Hombres
711,"Chavez, Juan Rodriguez",The Thrill Killer,EEUU,1985,1995,12,12,Otros,Asesinato,Desconocidos
712,"Chemirmir, Billy",,EEUU,2017,2018,2,22,Otros,Asesinato,Mujeres
713,"Cherry, Ervin",,EEUU,1993,1994,3,3,Otros,Estrangulamiento,Hombres
714,"Chester, Elroy",,EEUU,1997,1998,5,5,Otros,Asesinato,Personas vulnerables
716,"Childs, Terry",,EEUU,1979,1985,5,12,Violación,Asesinato,Hombres
717,"Christensen, William Dean",The American Jack the Ripper,EEUU,1982,1983,4,10+,Otros,Asesinato,Personas vulnerables
718,"Christiansen, Thor Nis",,EEUU,1976,1979,4,4,Otros,Asesinato,Hombres
719,"Christopher, Joseph",The Midtown Slasher,EEUU,1980,1981,12,12+,Otros,Asesinato,Hombres
721,"Clark, Hadden",,EEUU,1986,1992,2,2+,Canibalismo,Asesinato,Desconocidos
723,"Clark, Vernon Lee",,EEUU,1980,1989,4,6+,Otros,Asesinato,Hombres
724,"Clement, Mary",,EEUU,1880,1885,4,4,Otros,Veneno,Personas vulnerables
725,"Cline, Alfred Leonard",,EEUU,1930,1945,9,11,Otros,Veneno,Desconocidos
726,"Code, Nathaniel",,EEUU,1984,1987,8,12,Otros,Asesinato,Desconocidos
728,"Cole, Carroll",,EEUU,1947,1980,16,35,Otros,Estrangulamiento,Hombres
731,"Collins, Harvey",,EEUU,1953,1955,3,3,Otros,Apuñalamiento,Hombres
732,"Colvin, Dellmus",,EEUU,1987,2005,7,7+,Otros,Asesinato,Prostitutas
733,"Conde, Rory Enrique",The Tamiami Trail Strangler,EEUU,1994,1995,6,6,Otros,Estrangulamiento,Hombres
734,"Cook, Anthony",,EEUU,1973,1981,9,9+,Otros,Asesinato,Desconocidos
735,"Cook, Nathaniel",,EEUU,1973,1981,9,9+,Otros,Asesinato,Desconocidos
736,"Cooks, Jessie Lee",The Death Angels,EEUU,1973,1974,15,73+,Otros,Asesinato,Desconocidos
737,"Cooper, Samuel",,EEUU,2006,2007,5,5,Otros,Disparo,Hombres
738,"Copeland, Faye",,EEUU,1986,1989,5,12,Otros,Asesinato,Desconocidos
739,"Copeland, Ray",,EEUU,1986,1989,5,12,Otros,Asesinato,Desconocidos
740,"Corll, Dean",The Candy Man,EEUU,1970,1973,28,28+,Violación,Asesinato,Hombres
743,"Costa, Tony",,EEUU,1968,1969,4,8,Otros,Asesinato,Hombres
745,"Cottingham, Richard",The Torso Killer,EEUU,1967,1980,17,100,Violación,Estrangulamiento,Hombres
746,"Covington, Juan",,EEUU,1998,2005,3,3+,Otros,Disparo,Personas vulnerables
747,"Cowan, Mary",The Borgia of Maine,EEUU,1884,1894,6,6,Otros,Veneno,Menores
750,"Craine, Louis",The Southside Slayer,EEUU,1984,1987,4,5+,Otros,Asesinato,Desconocidos
751,"Crawford, Andre",,EEUU,1993,1999,11,11,Otros,Asesinato,Prostitutas
752,"Creech, Thomas Eugene",,EEUU,1974,1981,5,42,Otros,Asesinato,Hombres
753,"Crump, Thomas Wayne",,EEUU,1980,1982,4,7,Otros,Asesinato,Personas vulnerables
754,"Cullen, Charles",,EEUU,1988,2003,10,40+,Otros,Asesinato,Personas vulnerables
757,"Curry, James Richard",,EEUU,1982,1983,4,5,Otros,Asesinato,Desconocidos
758,"Cutlip, Jeffrey Paul",,EEUU,1975,1993,3,4,Otros,Asesinato,Hombres
759,Jeffrey Dahmer,,EEUU,1978,1991,17,17,Canibalismo,Asesinato,Personas vulnerables
760,"Daniels, James Edward",,EEUU,1963,1984,4,4,Otros,Asesinato,Desconocidos
761,"Danielson, Robert Wayne",,EEUU,1970,1982,7,7,Otros,Asesinato,Personas vulnerables
762,"Danks, Joseph Martin",,EEUU,1986,1990,7,7,Otros,Asesinato,Hombres
763,"Davis, Bruce Alan",,EEUU,1971,1982,3,33,Otros,Asesinato,Hombres
764,"Davis, Charles William",,EEUU,1975,1977,3,3+,Violación,Asesinato,Hombres
765,"Davis, Frank",,EEUU,1971,1983,3,3,Violación,Asesinato,Menores
766,"Davis, Girvies",easier,EEUU,1978,1979,4,9+,Otros,Asesinato,Hombres
767,"Davis, William George",,EEUU,2017,2018,4,7,Otros,Asesinato,Personas vulnerables
768,"DeAngelo, Joseph James",The Golden State Killer,EEUU,1979,1986,13,13+,Violación,Asesinato,Hombres
769,"DeJesus, Carmello",,EEUU,1971,1973,3,4,Otros,Asesinato,Hombres
770,"Dennis, Jerome",,EEUU,1991,1992,5,5,Otros,Asesinato,Hombres
771,"Devonshire, William",,EEUU,2003,2022,3,3,Otros,Asesinato,Hombres
772,"Dewantoro, Harnoko",,EEUU,1991,1992,3,3,Otros,Asesinato,Desconocidos
773,"Dieteman, Samuel",,EEUU,2005,2006,8,8,Otros,Asesinato,Desconocidos
774,"Dillon, Thomas",,EEUU,1989,1992,5,5+,Otros,Disparo,Hombres
776,"Dominique, Ronald",,EEUU,1997,2006,23,23+,Violación,Asesinato,Personas vulnerables
779,"Doss, Nannie",The Giggling Granny,EEUU,1927,1954,8,11,Otros,Asesinato,Menores
780,"Dowler, David",,EEUU,1983,1987,3,3,Otros,Veneno,Desconocidos
782,"Dugan, Brian",,EEUU,1983,1985,3,3,Violación,Asesinato,Desconocidos
783,"Duncan, Joseph Edward",,EEUU,1996,2005,5,7,Violación,Asesinato,Menores
784,"Duncan, Vender",,EEUU,1955,1957,3,3,Violación,Asesinato,Hombres
785,"Dunkle, Jon",,EEUU,1981,1985,3,3,Otros,Asesinato,Menores
786,"Durousseau, Paul",,EEUU,1997,2003,7,7+,Otros,Asesinato,Hombres
788,"Edwards, Andrew David",,EEUU,1987,1992,4,4,Otros,Asesinato,Desconocidos
789,"Edwards, Edward",,EEUU,1977,1996,5,15,Otros,Asesinato,Desconocidos
790,"Edwards, Mack Ray",,EEUU,1953,1970,3,18,Otros,Asesinato,Menores
791,"Eichinger, John",,EEUU,1999,2005,4,4,Otros,Apuñalamiento,Hombres
793,"Ellis, Walter E.",The Milwaukee North Side Strangler,EEUU,1986,2007,8,10+,Otros,Estrangulamiento,Desconocidos
794,"Engleman, Glennon",,EEUU,1958,1980,5,7+,Otros,Asesinato,Hombres
795,"Erskine, Scott",,EEUU,1989,1993,3,3+,Violación,Asesinato,Menores
796,"Ervin, Joe Michael",,EEUU,1969,1981,6,6,Otros,Disparo,Desconocidos
797,"Escobar, Ramon",,EEUU,2018,2023,7,8,Paliza,Asesinato,Personas vulnerables
799,"Evans, Donald Leroy",,EEUU,1985,1991,3,70,Otros,Asesinato,Desconocidos
800,"Evans, Franklin B.",The Northwood Murderer,EEUU,1850,1872,2,5+,Otros,Asesinato,Mujeres
801,"Evans, Gary",,EEUU,1985,1997,5,5,Otros,Asesinato,Desconocidos
802,"Evonitz, Richard",,EEUU,1996,1997,3,3+,Violación,Asesinato,Mujeres
804,"Eyler, Larry",The Interstate Killer,EEUU,1982,1984,21,24,Otros,Asesinato,Hombres
805,"Falling, Christine",,EEUU,1980,1982,6,6,Otros,Estrangulamiento,Desconocidos
806,"Falls, Neal",,EEUU,1992,2015,0,10+,Otros,Asesinato,Hombres
807,"Fautenberry, John",,EEUU,1990,1991,5,6,Otros,Asesinato,Personas vulnerables
808,"Fayne, Lorenzo",,EEUU,1989,1993,6,6,Violación,Asesinato,Menores
809,"Feltner, Jeffrey",end their suffering,EEUU,1988,1989,7,7,Otros,Asesinato,Mujeres
810,"Ferguson, John Errol",,EEUU,1974,1978,8,12,Otros,Asesinato,Personas vulnerables
811,"Fernandes, Roberto Wagner",,EEUU,2000,2001,3,4+,Otros,Asesinato,Prostitutas
812,"Fernandez, Raymond",The Lonely Hearts Killers,EEUU,1947,1949,3,20,Otros,Asesinato,Desconocidos
814,"Fish, Albert",The Werewolf of Wysteria,EEUU,1924,1932,3,8+,Canibalismo,Asesinato,Menores
815,"Fisher, Constance",,EEUU,1954,1966,6,6,Otros,Estrangulamiento,Menores
817,"Fitzsimmons, George",The Karate Chop Killer,EEUU,1969,1973,4,4,Otros,Asesinato,Hombres
818,"Flowers, Norman",,EEUU,2004,2005,3,4,Violación,Estrangulamiento,Hombres
820,"Ford, Wayne Adam",,EEUU,1997,1998,4,4+,Otros,Asesinato,Hombres
822,"Fountain, Clayton Anthony",,EEUU,1974,1983,5,5,Otros,Asesinato,Desconocidos
823,"Francois, Kendall",The Poughkeepsie Killer,EEUU,1996,1998,8,10+,Otros,Asesinato,Hombres
824,"Franklin, Joseph Paul",,EEUU,1977,1980,11,22,Otros,Asesinato,Desconocidos
825,"Franklin Jr., Lonnie David",The Grim Sleeper,EEUU,1985,2007,10,25+,Otros,Asesinato,Desconocidos
826,"Frederick, James Anthony",,EEUU,1991,1992,3,3,Otros,Asesinato,Personas vulnerables
827,"Gacy, John Wayne",The Killer Clown,EEUU,1972,1978,33,33+,Otros,Asesinato,Hombres
828,"Gallego, Gerald",,EEUU,1978,1980,10,10,Otros,Asesinato,Desconocidos
829,"Garcia, Anthony",,EEUU,2008,2013,4,4,Otros,Asesinato,Personas vulnerables
830,"Gardner, Ray Dempsey",,EEUU,1941,1949,3,3,Otros,Asesinato,Personas vulnerables
832,"Gargiulo, Michael",The Hollywood Ripper,EEUU,1993,2008,3,10,Otros,Apuñalamiento,Hombres
833,"Garrison, Wayne Henry",,EEUU,1972,1989,3,3,Otros,Asesinato,Menores
834,"Gary, Carlton",The Stocking Strangler,EEUU,1970,1978,4,8+,Violación,Estrangulamiento,Hombres
835,"Gaskins, Donald Henry",,EEUU,1953,1982,9,100+,Otros,Asesinato,Desconocidos
836,"Gay, Randy",,EEUU,1978,2011,3,3,Otros,Asesinato,Hombres
837,"Gayles, Clifford",,EEUU,1934,1947,3,3,Otros,Asesinato,Desconocidos
838,"Gaynor, Alfred",,EEUU,1995,1998,9,9,Violación,Estrangulamiento,Hombres
839,"Gecht, Robin",The Ripper Crew,EEUU,1981,1982,18,18,Culto satánico,Asesinato,Desconocidos
840,"Gein, Ed",The Plainfield Ghoul,EEUU,1954,1957,2,7,Otros,Asesinato,Desconocidos
841,"Geralds, Hubert",The Englewood Strangler,EEUU,1994,1995,5,5,Otros,Estrangulamiento,Hombres
842,"Getreu, John",,EEUU,1963,1974,3,4+,Violación,Asesinato,Hombres
843,"Gibbs, Janie Lou",,EEUU,1966,1967,5,5,Otros,Veneno,Desconocidos
844,"Gibson, Mose",,EEUU,1908,1920,3,7+,Otros,Asesinato,Desconocidos
845,"Gibson, William Clyde",,EEUU,2002,2012,3,3+,Otros,Asesinato,Hombres
846,"Gifford, Bertha",,EEUU,1900,1928,3,17,Otros,Veneno,Desconocidos
847,"Gilbert, Kristen",,EEUU,1989,1996,4,4+,Otros,Asesinato,Personas vulnerables
849,"Gillis, Sean Vincent",,EEUU,1994,2004,8,8,Violación,Asesinato,Hombres
850,"Gilyard, Lorenzo",The Kansas City Strangler,EEUU,1977,1993,12,13,Otros,Estrangulamiento,Prostitutas
851,"Glatman, Harvey",The Glamour Girl Slayer,EEUU,1957,1958,3,4,Otros,Asesinato,Personas vulnerables
852,"Glaze, Billy",,EEUU,1986,1987,3,20+,Otros,Asesinato,Hombres
853,"Gleason, Robert Charles",,EEUU,2007,2010,3,3+,Otros,Asesinato,Desconocidos
855,"Gohl, Billy",,EEUU,1902,1910,2,100+,Otros,Asesinato,Desconocidos
856,"Gomez, Lloyd",The Phantom Hobo Killer,EEUU,1950,1951,9,9,Otros,Asesinato,Hombres
857,"Gordon, Steven Dean",,EEUU,2013,2014,4,5,Violación,Estrangulamiento,Prostitutas
858,"Gore, David Alan",The Killing Cousins,EEUU,1981,1983,6,6,Otros,Asesinato,Hombres
861,"Goudeau, Mark",The Baseline Killer,EEUU,2005,2006,9,9,Violación,Asesinato,Desconocidos
863,"Graham, Harrison",,EEUU,1986,1987,7,7,Otros,Asesinato,Hombres
864,"Grant, Gary",,EEUU,1969,1971,4,4,Otros,Asesinato,Menores
865,"Grant, Waldo",,EEUU,1973,1976,4,4+,Otros,Asesinato,Hombres
866,"Granviel, Kenneth",,EEUU,1974,1975,7,9,Violación,Apuñalamiento,Menores
867,"Grate, Shawn",,EEUU,2006,2016,5,5,Otros,Asesinato,Hombres
869,"Gray, Marvin",,EEUU,1971,1992,3,41,Otros,Asesinato,Personas vulnerables
870,"Gray, Ricky Javon",,EEUU,2005,2006,8,8,Otros,Asesinato,Desconocidos
871,"Gray, Ronald",,EEUU,1986,1987,4,4,Violación,Asesinato,Hombres
872,"Green, Larry",The Death Angels,EEUU,1973,1974,15,73+,Otros,Asesinato,Desconocidos
873,"Green, Ricky Lee",,EEUU,1985,1986,4,12,Otros,Asesinato,Desconocidos
874,"Green, Samuel",The Terror of New England,EEUU,1817,1821,2,2+,Otros,Asesinato,Desconocidos
875,"Greenawalt, Randy",,EEUU,1974,1978,7,9,Otros,Asesinato,Hombres
876,"Greenwell, Harry Edward",I-65 Killer,EEUU,1987,1989,3,3,Otros,Asesinato,Desconocidos
877,"Greenwood, Vaughn",The Skid Row Slasher,EEUU,1964,1975,11,11,Otros,Asesinato,Personas vulnerables
879,"Gribble, Timothy",,EEUU,1985,1987,2,3,Violación,Estrangulamiento,Hombres
880,"Griffin, Jeffery Lee",,EEUU,1978,1979,3,3,Otros,Apuñalamiento,Personas vulnerables
881,"Grinder, James B.",,EEUU,1976,1984,4,4,Otros,Asesinato,Mujeres
882,"Grissom, Richard",,EEUU,1977,1989,4,4,Otros,Asesinato,Hombres
883,"Groves, Vincent",,EEUU,1978,1988,7,20+,Violación,Estrangulamiento,Prostitutas
884,"Guerrero, Jose",,EEUU,1995,1998,3,3,Violación,Estrangulamiento,Hombres
885,"Gunness, Belle",,EEUU,1900,1908,25,40,Otros,Asesinato,Menores
886,"Hahn, Anna Marie",,EEUU,1933,1937,5,5,Otros,Veneno,Hombres
888,"Hall, Andreas",,EEUU,1847,1848,3,3,Otros,Asesinato,Personas vulnerables
890,"Hampton, T. J.",,EEUU,1887,1893,5,5,Otros,Asesinato,Personas vulnerables
891,"Hance, William Henry",The Forces of Evil,EEUU,1977,1978,4,4,Otros,Asesinato,Hombres
892,"Hankins, Terry",,EEUU,2000,2001,5,5,Otros,Asesinato,Hombres
893,"Hansen, Robert",The Butcher Baker,EEUU,1971,1983,17,21+,Violación,Asesinato,Hombres
894,"Harding, Donald Eugene",,EEUU,1979,1980,6,7+,Otros,Asesinato,Hombres
895,Harpe Brothers,,EEUU,1797,1804,39,50+,Otros,Asesinato,Desconocidos
896,"Harris, DeWayne Lee",The Seattle Jungle Killer,EEUU,1997,1998,3,3+,Otros,Apuñalamiento,Prostitutas
897,"Harris, Michael Darnell",,EEUU,1981,1982,4,10,Violación,Estrangulamiento,Hombres
898,"Harris, Robert Wayne",,EEUU,1999,2000,6,6,Otros,Asesinato,Hombres
900,"Harrison, Kenneth",The Giggler,EEUU,1967,1969,4,4,Otros,Asesinato,Personas vulnerables
901,"Harrison, Lester",,EEUU,1951,1973,5,7,Violación,Asesinato,Hombres
902,"Harvey, Donald",The Angel of Death,EEUU,1970,1987,37,80,Otros,Asesinato,Personas vulnerables
903,"Hassell, George",,EEUU,1917,1926,13,13,Otros,Asesinato,Personas vulnerables
904,"Hatcher, Charles Ray",,EEUU,1969,1982,2,16,Otros,Apuñalamiento,Menores
906,"Hayes, Robert",The Daytona Beach Killer,EEUU,2005,2006,3,7+,Otros,Asesinato,Desconocidos
907,"Hayter, John Price",,EEUU,1953,1986,3,3,Otros,Asesinato,Hombres
909,"Hazzard, Linda",,EEUU,1908,1911,1,13,Otros,Asesinato,Desconocidos
910,"Heirens, William",The Lipstick Killer,EEUU,1945,1946,3,3,Otros,Asesinato,Menores
911,"Helm, Boone",The Kentucky Cannibal,EEUU,1850,1864,11,11+,Canibalismo,Asesinato,Hombres
912,"Henley, Elmer Wayne",The Houston Mass Murders,EEUU,1970,1973,6,8+,Otros,Asesinato,Desconocidos
913,"Henry, John Ruthell",,EEUU,1975,1985,3,3,Otros,Asesinato,Desconocidos
914,"Hermann, Francis",The Priestly Butcher,EEUU,1890,1896,2,8,Otros,Asesinato,Menores
916,"Hernandez, Ramon Torres",,EEUU,1994,2001,3,5+,Secuestro,Asesinato,Hombres
917,"Herzog, Loren",The Speed Freak Killers,EEUU,1984,1999,3,19,Otros,Asesinato,Hombres
918,"Hickey, J. Frank",The Postcard Killer,EEUU,1883,1911,3,3,Otros,Asesinato,Desconocidos
920,"Hill, Ivan",The 60 Freeway Killer,EEUU,1979,1994,9,9+,Otros,Asesinato,Desconocidos
921,"Hill, Walter",,EEUU,1952,1977,5,5,Otros,Asesinato,Personas vulnerables
922,"Hilton, Gary",The National Forest Serial Killer,EEUU,2007,2008,4,4+,Secuestro,Asesinato,Desconocidos
923,"Hinton, Ronald",,EEUU,1996,1999,3,3,Otros,Estrangulamiento,Hombres
924,"Hittle, Daniel",,EEUU,1973,1989,7,7,Otros,Asesinato,Desconocidos
925,"Hoch, Johann Otto",The Stockyard Bluebeard,EEUU,1890,1905,1,50+,Otros,Asesinato,Desconocidos
927,"Holman, Richard",,EEUU,1978,1979,4,9+,Otros,Asesinato,Desconocidos
928,"Holmes, H. H.",,EEUU,1891,1894,9,27+,Otros,Asesinato,Desconocidos
929,"Hooker, John Michael",,EEUU,1971,1988,3,3,Otros,Apuñalamiento,Mujeres
931,"Hopewell, Raymont",,EEUU,1999,2005,5,5,Otros,Asesinato,Desconocidos
932,"Hopkins, John W.",The Mohawk Ripper,EEUU,1972,1978,3,3+,Violación,Apuñalamiento,No Clasificado
934,"Hoyt, Waneta",,EEUU,1965,1971,5,5,Otros,Asesinato,Menores
935,"Hughes, Mervin Ray",The Serial Shooter,EEUU,1986,1999,3,4+,Otros,Disparo,Personas vulnerables
936,"Hughes, Michael",,EEUU,1986,1993,7,7+,Otros,Asesinato,Desconocidos
937,"Hughes, Philip Joseph",,EEUU,1972,1975,3,3+,Otros,Asesinato,Hombres
938,"Hunter, Bert Leroy",,EEUU,1968,1988,3,3,Otros,Asesinato,Hombres
940,"Huntsman, Megan",,EEUU,1996,2006,6,6,Otros,Estrangulamiento,Menores
941,"Hyatt, Terry",,EEUU,1979,1987,3,3+,Violación,Asesinato,Hombres
943,"Irvin, Leslie",,EEUU,1954,1955,6,6+,Otros,Asesinato,Desconocidos
944,"Irvin, Marvin",,EEUU,1979,1990,3,3,Otros,Asesinato,Hombres
945,"Jablonski, Phillip Carl",,EEUU,1978,1991,5,5,Otros,Asesinato,Hombres
946,"Jackson, Calvin",,EEUU,1973,1974,9,9,Otros,Asesinato,Hombres
947,"Jackson, Charles",,EEUU,1975,1982,8,8+,Otros,Asesinato,Desconocidos
948,"Jackson, Homer",,EEUU,1983,1993,4,4+,Violación,Estrangulamiento,Prostitutas
949,"Jackson, Ray",Gillham Park Strangler,EEUU,1989,1990,6,6,Otros,Estrangulamiento,Prostitutas
950,"Jackson, Vickie Dawn",,EEUU,2000,2001,10,10+,Otros,Veneno,Personas vulnerables
953,"Jennings, Wilbur Lee",The Ditchbank Killer,EEUU,1981,1984,6,6+,Violación,Asesinato,Hombres
954,"Jesperson, Keith Hunter",The Happy Face Killer,EEUU,1990,1995,8,8+,Otros,Asesinato,Desconocidos
955,"Johansen, William",,EEUU,1933,1940,3,17,Otros,Asesinato,Hombres
956,"Johnson, Alvin",,EEUU,1972,1983,3,3,Otros,Asesinato,Personas vulnerables
957,"Johnson, Martha Ann",,EEUU,1977,1982,3,4,Otros,Asesinato,Menores
958,"Johnson, Matthew Steven",,EEUU,2000,2001,3,5,Otros,Asesinato,Hombres
959,"Johnson, Melvin",,EEUU,1984,1988,4,4+,Otros,Asesinato,Desconocidos
960,"Johnson, Michael",,EEUU,2008,2010,4,4+,Otros,Asesinato,Prostitutas
961,"Johnson, Milton",,EEUU,1983,1984,10,10+,Otros,Asesinato,Personas vulnerables
962,"Johnson, Raymond Eugene",,EEUU,1995,2007,3,3,Otros,Asesinato,Desconocidos
963,"Johnson, Vincent",The Brooklyn Strangler,EEUU,1999,2000,5,5,Otros,Estrangulamiento,Prostitutas
964,"Jones, Andre Vernell",,EEUU,1978,1979,5,8,Otros,Asesinato,Personas vulnerables
965,"Jones, Daniel O.",,EEUU,1998,2001,4,4,Otros,Apuñalamiento,Hombres
966,"Jones, Genene",,EEUU,1977,1982,2,60+,Otros,Veneno,Desconocidos
967,"Jones, George Lamar",,EEUU,1972,1997,3,3+,Otros,Estrangulamiento,Prostitutas
968,"Jones, Jack Harold",,EEUU,1983,1995,3,3+,Otros,Veneno,Hombres
970,"Jones, Willie Ben",they had to be punished,EEUU,1980,1990,3,4,Otros,Asesinato,Prostitutas
971,"Joubert, John",The Nebraska Boy Snatcher,EEUU,1982,1983,3,3,Otros,Asesinato,Menores
973,"Junco, Francisco del",,EEUU,1995,1996,4,4,Otros,Asesinato,Prostitutas
974,"Kadamovas, Jurijus",,EEUU,2001,2002,5,5,Secuestro,Asesinato,Personas vulnerables
975,"Kallinger, Joseph",,EEUU,1974,1975,3,3,Otros,Asesinato,Desconocidos
976,"Kaprat, Edwin",The Granny Killer,EEUU,1991,1993,6,6,Otros,Asesinato,Hombres
977,"Kearney, Patrick",The Trash Bag Killer,EEUU,1965,1977,21,43,Otros,Asesinato,Desconocidos
978,"Kee, Arohn",East-Harlem Rapist,EEUU,1991,1998,3,3+,Violación,Asesinato,Hombres
979,"Keith, Leroy",,EEUU,1934,1956,3,3,Otros,Disparo,Hombres
980,"Kelley, John William",,EEUU,1986,1988,3,3,Violación,Asesinato,Desconocidos
983,"Kemper, Edmund",The Co-Ed Killer,EEUU,1964,1973,10,10,Otros,Asesinato,Mujeres
985,"Kibbe, Roger",The I-5 Strangler,EEUU,1977,1987,8,8+,Otros,Estrangulamiento,Hombres
986,"Kimball, Scott Lee",,EEUU,2003,2004,4,5+,Otros,Asesinato,Hombres
987,"Kimes, Sante",,EEUU,1996,1998,2,3,Otros,Asesinato,Desconocidos
988,"Kinne, Sharon",,EEUU,1962,1964,3,3,Otros,Asesinato,Desconocidos
989,"Kirkland, Anthony",,EEUU,1987,2009,5,6,Otros,Asesinato,Hombres
990,"Klimek, Tillie",,EEUU,1914,1921,5,7,Otros,Veneno,Desconocidos
991,"Knapp, Alfred",The Hamilton Strangler,EEUU,1894,1902,5,5+,Otros,Estrangulamiento,Desconocidos
992,"Knight, Thomas",,EEUU,1974,1980,4,4,Otros,Asesinato,Personas vulnerables
993,"Knighton, Robert Wesley",,EEUU,1973,1990,5,5,Otros,Asesinato,Hombres
994,"Knorr, Theresa",,EEUU,1984,1985,2,3,Otros,Asesinato,Desconocidos
995,"Knotek, Michelle",,EEUU,1994,2003,2,3,Tortura,Asesinato,Desconocidos
997,"Koedatich, James",,EEUU,1971,1982,4,4,Otros,Asesinato,Hombres
998,"Kohlhepp, Todd",Superbike Murders,EEUU,2003,2016,7,10+,Otros,Asesinato,Desconocidos
999,"Kokoraleis, Andrew",The Ripper Crew,EEUU,1981,1982,18,18,Culto satánico,Asesinato,Desconocidos
1000,"Kokoraleis, Thomas",The Ripper Crew,EEUU,1981,1982,18,18,Culto satánico,Asesinato,Desconocidos
1001,"Kondro, Joseph",The Longview Serial Killer,EEUU,1985,1996,2,3+,Secuestro,Asesinato,Mujeres
1003,"Kraft, Randy",The Scorecard Killer,EEUU,1971,1983,16,67,Violación,Asesinato,Hombres
1004,"Krajcir, Timothy",,EEUU,1977,1982,9,9,Otros,Asesinato,Hombres
1005,"Kudzinowski, Peter",,EEUU,1924,1928,3,3,Otros,Asesinato,Menores
1006,"Kunnecke, William",,EEUU,1898,1903,1,3,Otros,Asesinato,Desconocidos
1007,"LaBarre, Sheila",,EEUU,2004,2006,2,4,Otros,Asesinato,Desconocidos
1008,"Ladd, Robert Charles",,EEUU,1978,1996,4,4,Otros,Asesinato,Menores
1009,"Lagrone, Edward",,EEUU,1976,1991,4,6,Otros,Asesinato,Desconocidos
1010,"Lake, Leonard",The Operation Miranda Killers,EEUU,1983,1985,11,25,Otros,Asesinato,Desconocidos
1013,"LaRette, Anthony",,EEUU,1976,1980,16,31,Violación,Apuñalamiento,Hombres
1015,"Laudenberg, Adolph",The Santa Strangler,EEUU,1972,1975,4,6,Otros,Estrangulamiento,Hombres
1016,"Lee, Derrick Todd",The Baton Rouge Serial Killer,EEUU,1992,2003,7,7+,Otros,Asesinato,Desconocidos
1017,"Lewingdon, Gary",The .22 Caliber Killers,EEUU,1977,1978,10,10,Otros,Asesinato,Desconocidos
1018,"Lewingdon, Thaddeus",The .22 Caliber Killers,EEUU,1977,1978,9,9,Otros,Asesinato,Desconocidos
1019,"Liberty, Robert",The Candlelight Killer,EEUU,1966,1970,3,3,Otros,Asesinato,Hombres
1020,"Lindahl, Bruce",,EEUU,1974,1981,2,12+,Violación,Asesinato,Desconocidos
1021,"Lindsey, William Darrell",,EEUU,1988,1996,7,25,Otros,Asesinato,Prostitutas
1022,"Lipscomb, Nathaniel",The Dawn Strangler,EEUU,1958,1959,3,4,Violación,Estrangulamiento,Hombres
1023,"Little, Jerry",,EEUU,1985,1988,4,4,Violación,Estrangulamiento,Hombres
1025,"Lockett, Will",,EEUU,1912,1920,4,4,Otros,Asesinato,Desconocidos
1026,"Lockhart, Michael Lee",,EEUU,1987,1988,4,6+,Otros,Asesinato,Desconocidos
1028,"Long, Neal",The Shotgun Slayer,EEUU,1972,1975,4,7+,Otros,Disparo,Personas vulnerables
1029,"Lucas, Henry Lee",,EEUU,1960,1983,3,200+,Otros,Asesinato,Desconocidos
1030,"Lunz, Christopher",,EEUU,2003,2009,3,20,Otros,Asesinato,Hombres
1031,"Lyles, Anjette",,EEUU,1952,1958,4,4,Otros,Veneno,Desconocidos
1033,"Madison, Michael",,EEUU,2012,2013,3,3+,Otros,Asesinato,Hombres
1034,"Mailhot, Jeffrey",The Rhode Island Ripper,EEUU,2003,2004,3,3,Otros,Asesinato,Prostitutas
1035,"Majors, Orville Lynn",,EEUU,1993,1995,6,130,Otros,Asesinato,Personas vulnerables
1039,"Mansfield, Billy",,EEUU,1975,1980,5,5+,Otros,Asesinato,Mujeres
1040,"Marcelin, Harvey",,EEUU,1963,2022,3,3,Otros,Asesinato,Hombres
1041,"Marquette, Richard Laurence",,EEUU,1961,1975,3,3,Otros,Asesinato,Desconocidos
1042,"Martin, Deangelo Kenneth",,EEUU,2018,2019,4,6,Violación,Asesinato,Hombres
1043,"Martin, James David",,EEUU,1989,2005,3,3,Otros,Estrangulamiento,Desconocidos
1044,"Martin, Lee Roy",The Gaffney Strangler,EEUU,1967,1968,4,4,Otros,Apuñalamiento,Mujeres
1045,"Martin, Rhonda Belle",,EEUU,1926,1951,6,6,Otros,Veneno,Hombres
1046,"Martinez, Jose Manuel",,EEUU,1978,2013,12,36,Otros,Asesinato,Hombres
1047,"Masini, Frank",,EEUU,1991,1992,4,4,Otros,Asesinato,Hombres
1048,"Mason, David",,EEUU,1980,1982,5,6,Otros,Asesinato,Desconocidos
1049,"Mason, Samuel",,EEUU,1797,1803,20,20+,Otros,Asesinato,Desconocidos
1050,"Matthew, Jesse",,EEUU,2009,2014,2,7,Violación,Asesinato,Hombres
1051,"Matthews, Eric",,EEUU,1994,1998,4,4,Violación,Asesinato,Desconocidos
1052,"Maupin, Thomas",,EEUU,1988,2001,3,3,Otros,Asesinato,Hombres
1053,"Maury, Robert",The Tipster Killer,EEUU,1985,1987,3,3+,Otros,Asesinato,Hombres
1054,"Maust, David Edward",,EEUU,1974,2003,5,5,Otros,Asesinato,Menores
1055,"Mayrand, Edward",,EEUU,1983,1994,3,3,Otros,Estrangulamiento,Hombres
1056,"Mays, Reta",,EEUU,2017,2018,7,8+,Otros,Asesinato,Desconocidos
1057,"McCoy, Stephen",,EEUU,1980,1981,3,3,Otros,Asesinato,Personas vulnerables
1058,"McCray, Jeremiah",,EEUU,1956,1958,5,5,Otros,Asesinato,Personas vulnerables
1059,"McDuff, Kenneth",The Broomstick Killer,EEUU,1966,1992,9,14+,Otros,Asesinato,Desconocidos
1060,"McFadden, Jerry Walter",The Animal,EEUU,1973,1986,4,4,Otros,Asesinato,Desconocidos
1061,"McGhee, Timothy",The Monster of Atwater,EEUU,1997,2001,3,12,Otros,Asesinato,Desconocidos
1062,"McGregor, Edward George",,EEUU,1990,2006,4,4,Violación,Apuñalamiento,Hombres
1064,"McKnight, Gregory",,EEUU,1992,2000,3,3,Otros,Asesinato,Personas vulnerables
1066,"Meirhofer, David",,EEUU,1967,1974,4,4,Otros,Asesinato,Desconocidos
1067,"Melanson, Roy",,EEUU,1974,1988,3,5+,Violación,Asesinato,Hombres
1068,"Metheny, Joe",,EEUU,1976,1996,5,10,Violación,Asesinato,Hombres
1069,"Mikhel, Iouri",,EEUU,2001,2002,5,5,Secuestro,Asesinato,Personas vulnerables
1070,"Miller, Donald Gene",,EEUU,1977,1978,4,4,Violación,Asesinato,Hombres
1071,"Miller, Joseph Daniel",,EEUU,1986,1990,5,5+,Violación,Estrangulamiento,Hombres
1072,"Miller, Joseph Robert",,EEUU,1976,1993,6,6+,Otros,Asesinato,Prostitutas
1074,"Moore, Henry Lee",,EEUU,1911,1912,2,25,Otros,Asesinato,Mujeres
1075,"Moore, Manuel",The Death Angels,EEUU,1973,1974,15,73+,Otros,Asesinato,Desconocidos
1076,"Morin, Stephen",,EEUU,1969,1981,4,48,Otros,Asesinato,Desconocidos
1077,"Morris, Cory",The Crackhead Killer,EEUU,2002,2003,5,5+,Otros,Asesinato,Prostitutas
1078,"Mors, Frederick",,EEUU,1914,1915,8,8,Otros,Veneno,Personas vulnerables
1079,"Morse, Hugh",,EEUU,1959,1961,4,4+,Otros,Asesinato,Hombres
1080,"Morton, David Bruce",,EEUU,1983,1990,3,3+,Otros,Asesinato,Hombres
1081,"Moseley, Winston",,EEUU,1963,1964,3,3,Otros,Asesinato,Hombres
1082,"Mosley, Eddie",,EEUU,1973,1987,8,16+,Violación,Asesinato,Mujeres
1084,"Mullin, Herbert",,EEUU,1972,1973,11,13,Otros,Asesinato,Desconocidos
1085,"Mullins, Michael",,EEUU,1999,2012,3,3,Otros,Asesinato,Hombres
1086,"Murphy, Donald",,EEUU,1979,1980,2,6+,Otros,Asesinato,Hombres
1087,"Nance, Wayne",The Missoula Mauler,EEUU,1974,1986,0,5+,Otros,Asesinato,Desconocidos
1088,"Nardello, Antonio",,EEUU,1884,1885,3,3,Otros,Asesinato,Desconocidos
1089,"Naso, Joseph",,EEUU,1977,1994,6,10,Otros,Asesinato,Hombres
1092,"Nelson, Earle",The Gorilla Man,EEUU,1926,1927,22,22+,Otros,Asesinato,Hombres
1093,"Nemechek, Francis",,EEUU,1974,1976,5,5,Violación,Asesinato,Hombres
1094,"Newman, Allan Patterson",,EEUU,1991,1992,4,4,Otros,Asesinato,Personas vulnerables
1095,"Ng, Charles",The Operation Miranda Killers,EEUU,1983,1985,11,25,Otros,Asesinato,Desconocidos
1096,"Nissensohn, Joseph",,EEUU,1981,1989,4,4+,Violación,Asesinato,Menores
1097,"Nixon, Robert",Brick Moron,EEUU,1937,1938,3,5,Otros,Asesinato,Desconocidos
1098,"Noe, Marie",,EEUU,1949,1968,8,8,Otros,Asesinato,Menores
1101,"Northcott, Gordon Stewart",,EEUU,1926,1928,3,20,Otros,Asesinato,Menores
1102,"Ocampo, Itzcoatl",,EEUU,2011,2012,6,6,Otros,Asesinato,Personas vulnerables
1103,"O'Dell, Diane",,EEUU,1982,1985,3,4,Otros,Asesinato,Hombres
1105,"Pace, Lyndon Fitzgerald",,EEUU,1988,1989,4,5,Otros,Asesinato,Hombres
1106,"Page, Ivan",,EEUU,1998,2001,3,3,Otros,Asesinato,Prostitutas
1107,"Panzram, Carl",,EEUU,1920,1929,5,22,Violación,Asesinato,Desconocidos
1109,"Parker, Gerald",The Bedroom Basher,EEUU,1978,1978,6,6,Violación,Asesinato,Hombres
1110,"Paster, James",,EEUU,1980,1981,3,5,Otros,Asesinato,Personas vulnerables
1111,"Patton, Carl",,EEUU,1973,1977,5,5,Otros,Asesinato,Desconocidos
1112,"Peete, Louise",,EEUU,1913,1944,3,3+,Otros,Asesinato,Hombres
1113,"Pennell, Steven Brian",The Route 40 Killer,EEUU,1987,1988,2,5,Secuestro,Asesinato,Hombres
1114,"Perkins, Reginald",,EEUU,1980,2000,3,6,Otros,Asesinato,Mujeres
1117,"Pierce, William",,EEUU,1970,1971,9,9+,Otros,Asesinato,Personas vulnerables
1118,"Piper, Thomas W.",The Boston Belfry Murderer,EEUU,1873,1875,2,2+,Pirómano,Asesinato,Hombres
1121,"Pough, James Edward",,EEUU,1971,1990,12,12,Otros,Asesinato,Desconocidos
1124,"Price, Craig",,EEUU,1987,1989,4,4,Otros,Asesinato,Desconocidos
1126,"Priest, Martin",,EEUU,1980,1985,2,5,Otros,Asesinato,Hombres
1127,"Prieto, Alfredo",,EEUU,1988,1990,9,9,Violación,Asesinato,Hombres
1130,"Pruitt, Pleasant",,EEUU,1888,1902,3,3,Otros,Asesinato,Desconocidos
1131,"Puente, Dorothea",,EEUU,1982,1988,9,15,Otros,Asesinato,Hombres
1133,"Rader, Dennis",The BTK Killer,EEUU,1974,1991,10,10,Otros,Asesinato,Desconocidos
1134,"Ralston, Larry",,EEUU,1975,1977,4,5+,Secuestro,Asesinato,Mujeres
1135,"Ramirez, Richard",The Night Stalker,EEUU,1984,1985,15,15,Otros,Asesinato,Desconocidos
1138,"Rardon, Gary",,EEUU,1962,1974,4,4,Otros,Asesinato,Hombres
1139,"Rasmussen, Terry Peder",The Chameleon Killer,EEUU,1978,2002,6,6+,Otros,Asesinato,Desconocidos
1140,"Ray, Clifton",,EEUU,1987,1994,3,6+,Otros,Asesinato,Hombres
1141,"Red Dog, James Allen",,EEUU,1973,1991,5,5,Otros,Asesinato,Personas vulnerables
1144,"Rees, Melvin",The Sex Beast,EEUU,1957,1959,5,9+,Otros,Asesinato,Desconocidos
1145,"Reeves, Jack",,EEUU,1967,1994,4,4,Otros,Asesinato,Hombres
1148,"Rembert, Robert",,EEUU,1997,2015,5,5+,Otros,Asesinato,Personas vulnerables
1149,"Reséndiz, Ángel Maturino",The Railroad/Railway/Railcar Killer,EEUU,1986,1999,10,16,Tortura,Asesinato,Hombres
1152,"Rhoades, Robert Ben",The Truck Stop Killer,EEUU,1975,1990,3,50+,Otros,Asesinato,Desconocidos
1153,"Rice, Stanley",,EEUU,1963,1968,3,5+,Otros,Disparo,Menores
1155,"Richards, Stephen D.",The Nebraska Fiend,EEUU,1876,1878,9,9+,Otros,Asesinato,Menores
1157,"Ridgway, Gary",The Green River Killer,EEUU,1982,1998,49,90+,Otros,Asesinato,Desconocidos
1158,"Rifkin, Joel",,EEUU,1989,1993,9,17+,Otros,Asesinato,Prostitutas
1159,"Rissell, Montie",,EEUU,1976,1977,5,5,Violación,Asesinato,Hombres
1161,"Rivera, Reinaldo",,EEUU,1999,2000,4,4,Violación,Asesinato,Hombres
1162,"Robbins, Malcolm",,EEUU,1979,1980,4,4+,Otros,Asesinato,Menores
1163,"Robinson, Alonzo",,EEUU,1926,1934,2,6,Canibalismo,Asesinato,Hombres
1164,"Robinson, Harvey Miguel",,EEUU,1992,1993,3,3,Violación,Asesinato,Menores
1165,"Robinson, John Edward",The Internet's first serial killer,EEUU,1984,1999,8,8+,Otros,Asesinato,Desconocidos
1166,"Robinson, John Wesley",,EEUU,1896,1913,3,3,Otros,Asesinato,Desconocidos
1167,"Robinson, Sarah Jane",The Boston Borgia,EEUU,1881,1886,8,11,Otros,Veneno,Personas vulnerables
1168,"Roche, John Francis",,EEUU,1953,1954,4,6,Otros,Asesinato,Hombres
1170,"Rodriguez, Robert Neal",,EEUU,1984,1992,3,3,Otros,Asesinato,Desconocidos
1171,"Rogers, Dayton Leroy",The Molalla Forest Killer,EEUU,1983,1987,7,8+,Violación,Asesinato,Prostitutas
1172,"Rogers, Glen Edward",,EEUU,1993,1995,4,5,Otros,Asesinato,Desconocidos
1173,"Rogers, Richard Westall",The Last Call Killer,EEUU,1992,1993,2,7+,Otros,Asesinato,Hombres
1174,"Rolling, Danny",,EEUU,1989,1990,8,8,Otros,Asesinato,No Clasificado
1175,"Ross, Michael Bruce",The Roadside Strangler,EEUU,1981,1984,8,8+,Otros,Estrangulamiento,Desconocidos
1176,"Roye, Norman",The Dreaded Strangler,EEUU,1953,1954,3,3,Otros,Estrangulamiento,Hombres
1177,"Rozier, Robert",,EEUU,1981,1986,4,7,Otros,Asesinato,Desconocidos
1178,"Rulloff, Edward H.",The Genius Killer,EEUU,1844,1870,3,5,Otros,Asesinato,Hombres
1180,"Runge, Paul",,EEUU,1995,1997,7,8+,Otros,Asesinato,Hombres
1182,"Rutterschmidt, Olga",,EEUU,1999,2005,2,2,Otros,Asesinato,Desconocidos
1184,"Saldivar, Efren",,EEUU,1988,1998,6,50+,Otros,Veneno,Personas vulnerables
1185,"Samartaney, Malik",,EEUU,1991,2019,3,6,Otros,Asesinato,Desconocidos
1186,"Sanchez, Altemio",The Bike Path Rapist,EEUU,1990,2006,3,3+,Violación,Asesinato,Desconocidos
1188,"Sapp, William",,EEUU,1992,1993,3,3+,Otros,Veneno,Menores
1189,"Schaefer, Gerard John",,EEUU,1969,1973,2,34,Otros,Asesinato,Hombres
1191,"Schmidt, Helmuth",The American Bluebeard,EEUU,1913,1917,1,4+,Otros,Asesinato,Hombres
1192,"Seda, Heriberto",,EEUU,1990,1993,3,3,Otros,Asesinato,Personas vulnerables
1193,"Segundo, Juan",,EEUU,1986,1995,4,4+,Violación,Asesinato,Mujeres
1194,"Sells, Tommy Lynn",,EEUU,1980,1999,6,22+,Otros,Asesinato,Personas vulnerables
1195,"Seoung, Doeur",,EEUU,1985,1998,4,4,Violación,Estrangulamiento,Menores
1196,"Severance, Charles",,EEUU,2003,2014,3,3,Otros,Asesinato,Desconocidos
1198,"Shaw, Sebastian",,EEUU,1991,1992,3,13,Otros,Asesinato,Personas vulnerables
1199,"Shawcross, Arthur",The Genesee River Killer,EEUU,1972,1989,12,14,Otros,Asesinato,Desconocidos
1200,"Sherman, Lydia",The Derby Poisoner,EEUU,1863,1877,12,12,Otros,Veneno,Menores
1201,"Shermantine, Wesley",The Speed Freak Killers,EEUU,1984,1999,4,19,Otros,Asesinato,Desconocidos
1202,"Shore, Anthony Allen",The Tourniquet Killer,EEUU,1986,1995,4,4+,Otros,Asesinato,Mujeres
1203,"Shulman, Robert",,EEUU,1991,1996,5,5,Otros,Asesinato,Prostitutas
1204,"Siebert, Daniel Lee",,EEUU,1979,1986,10,13,Otros,Asesinato,Personas vulnerables
1205,"Sifuentes, Jose",,EEUU,1998,2003,3,3,Otros,Estrangulamiento,Hombres
1206,"Silva, Mauricio",The Monster,EEUU,1978,1984,4,4,Otros,Asesinato,Menores
1207,"Silveria Jr., Robert Joseph",The Boxcar Killer,EEUU,1981,1996,9,14+,Otros,Asesinato,Desconocidos
1208,"Simmons, Beoria",,EEUU,1981,1983,3,3,Otros,Asesinato,Mujeres
1209,"Simon, J.C.X.",The Death Angels,EEUU,1973,1974,15,73+,Otros,Asesinato,Desconocidos
1210,"Sims, Ray Dell",,EEUU,1974,1977,5,5+,Violación,Estrangulamiento,Mujeres
1211,"Sinclair, Charles T.",The Coin Shop Killer,EEUU,1980,1990,13,13+,Otros,Asesinato,Desconocidos
1212,"Singh, Michael",,EEUU,1975,1982,3,3,Otros,Asesinato,Desconocidos
1213,"Smallwood, Robert",,EEUU,1999,2006,3,3,Violación,Asesinato,Hombres
1214,"Smith, Gayno",,EEUU,1961,1962,6,6,Otros,Asesinato,Personas vulnerables
1215,"Smith, Lemuel",,EEUU,1958,1981,5,6,Otros,Asesinato,Desconocidos
1216,"Smith, Mark Alan",,EEUU,1969,1970,4,12+,Otros,Asesinato,Hombres
1217,"Smith, William Scott",,EEUU,1981,1984,4,4+,Violación,Estrangulamiento,Hombres
1219,"Solomon Jr., Morris",The Sacramento Slayer,EEUU,1986,1987,6,7,Otros,Asesinato,Hombres
1220,"Soper, Edward Bates",,EEUU,1880,1897,5,5,Otros,Asesinato,Menores
1221,"Southard, Lyda",Flypaper Lyda,EEUU,1915,1920,6,6,Otros,Asesinato,Desconocidos
1222,"Sowell, Anthony",The Cleveland Strangler,EEUU,2007,2009,11,11,Otros,Estrangulamiento,Desconocidos
1223,"Spangler, Robert",,EEUU,1978,1993,4,4,Otros,Asesinato,Personas vulnerables
1224,"Spencer, Timothy Wilson",The Southside Strangler,EEUU,1984,1988,4,5,Violación,Estrangulamiento,Hombres
1225,"Spillman, Jack Owen",The Werewolf Butcher,EEUU,1994,1995,3,3,Otros,Asesinato,Desconocidos
1227,"Spreitzer, Edward",The Ripper Crew,EEUU,1981,1982,18,18,Culto satánico,Asesinato,Desconocidos
1228,"Stafford, Roger Dale",,EEUU,1974,1978,9,34,Otros,Asesinato,Desconocidos
1229,"Stanley, Gerald Frank",,EEUU,1975,1980,2,2+,Otros,Asesinato,Desconocidos
1230,"Stano, Gerald",,EEUU,1969,1980,22,41+,Otros,Asesinato,Desconocidos
1232,"Steeves, Richard",,EEUU,1965,1985,6,6,Otros,Asesinato,Personas vulnerables
1233,"Stephani, Paul Michael",The Weepy-Voiced Killer,EEUU,1980,1982,3,3,Otros,Asesinato,Desconocidos
1235,"Stickles, Martin",The Kelso Killer,EEUU,1899,1900,3,3,Otros,Asesinato,Personas vulnerables
1236,"Stokes, Winford",,EEUU,1969,1978,3,3,Otros,Asesinato,Personas vulnerables
1237,"Suff, William",The Riverside Prostitute Killer,EEUU,1974,1992,12,22,Otros,Asesinato,Prostitutas
1239,"Sumpter, Michael",,EEUU,1969,1973,3,3,Violación,Asesinato,Hombres
1240,"Surratt, Edward Arthur",The Shotgun Killer,EEUU,1977,1978,7,18+,Secuestro,Estrangulamiento,Desconocidos
1241,"Sutton, Nicholas Todd",,EEUU,1979,1985,4,4,Otros,Apuñalamiento,Mujeres
1242,"Swango, Michael",,EEUU,1981,1997,4,60,Otros,Veneno,Personas vulnerables
1244,"Taborsky, Joseph ""Mad Dog""",,EEUU,1950,1957,7,7,Otros,Asesinato,Desconocidos
1245,"Tavares, Daniel",,EEUU,1988,2007,4,4,Otros,Asesinato,Mujeres
1247,"Terry, Charles E.",,EEUU,1951,1963,1,4+,Otros,Estrangulamiento,Desconocidos
1248,"Terry, Michael",,EEUU,1985,1986,6,6,Otros,Asesinato,Hombres
1249,"Tersargyan, Alberd",,EEUU,2008,2010,4,4,Otros,Asesinato,Hombres
1250,"Tholmer, Brandon",The West Side Rapist,EEUU,1981,1983,12,34,Violación,Asesinato,Hombres
1251,"Thomas Jr., John Floyd",The Southland Strangler,EEUU,1972,1986,7,15+,Violación,Estrangulamiento,Desconocidos
1252,"Thompson, William Paul",,EEUU,1983,1984,3,6,Otros,Asesinato,Personas vulnerables
1253,"Tinning, Marybeth",,EEUU,1972,1985,2,9,Otros,Asesinato,Menores
1254,"Toole, Ottis",,EEUU,1976,1983,6,6+,Otros,Asesinato,Desconocidos
1255,"Toppan, Jane",Jolly Jane,EEUU,1895,1901,12,31+,Otros,Veneno,Personas vulnerables
1257,"Travis, Maury",,EEUU,2000,2002,2,17+,Otros,Asesinato,Hombres
1258,"Ture Jr., Joseph",,EEUU,1978,1980,6,7+,Otros,Asesinato,Hombres
1259,"Turner, Chester",,EEUU,1987,1998,15,16,Otros,Asesinato,Hombres
1260,"Urdiales, Andrew",,EEUU,1986,1996,8,8,Otros,Asesinato,Hombres
1261,"Vann, Darren Deon",,EEUU,2013,2014,7,7+,Otros,Asesinato,Hombres
1262,"Vaultz, Horace Van",,EEUU,1981,1986,3,3+,Violación,Asesinato,Hombres
1263,"Van Dyke, David",,EEUU,1979,1980,6,6,Otros,Asesinato,Personas vulnerables
1264,"Vermilya, Louise",,EEUU,1893,1911,9,9,Otros,Asesinato,Desconocidos
1265,"Victor, Clarence",,EEUU,1964,1987,3,3,Otros,Asesinato,Personas vulnerables
1266,"Villarreal, David",,EEUU,1979,1981,5,7,Tortura,Asesinato,Homosexuales
1267,"Wade, Joshua",,EEUU,1994,2007,5,5+,Otros,Asesinato,Personas vulnerables
1268,"Walker, Anthony Guy",,EEUU,1975,1986,6,6+,Otros,Asesinato,Desconocidos
1269,"Wallace, Henry Louis",The Taco Bell Strangler,EEUU,1990,1994,11,11,Otros,Estrangulamiento,Hombres
1270,"Walton, Edward",,EEUU,1896,1908,5,5,Otros,Asesinato,Personas vulnerables
1271,"Walls, Frank Athen",,EEUU,1985,1987,5,5,Otros,Asesinato,Personas vulnerables
1273,"Wardrip, Faryion",,EEUU,1984,1986,5,5,Otros,Asesinato,Desconocidos
1274,"Warren, Edward Delon",,EEUU,1976,1979,3,3,Otros,Asesinato,Desconocidos
1276,"Watson, Alexander Wayne",,EEUU,1986,1994,4,4,Violación,Apuñalamiento,Hombres
1277,"Watts, Carl Eugene",The Sunday Morning Slasher,EEUU,1974,1982,22,100,Otros,Asesinato,Desconocidos
1278,"Weldon, Stewart",,EEUU,2017,2018,3,3,Tortura,Asesinato,Hombres
1279,"Werner, Karl F.",,EEUU,1969,1971,3,3,Otros,Asesinato,Mujeres
1281,"Whisenhant, Thomas",,EEUU,1963,1976,4,4+,Secuestro,Asesinato,Desconocidos
1283,"White, Nathaniel",,EEUU,1991,1992,6,6,Otros,Asesinato,Hombres
1285,"Whitten, Hattie",,EEUU,1900,1902,3,3,Otros,Veneno,Menores
1286,"Wickline, William",The Butcher,EEUU,1979,1982,3,3+,Otros,Asesinato,Personas vulnerables
1289,"Williams, Dorothy",,EEUU,1987,1989,3,3,Otros,Asesinato,Personas vulnerables
1290,"Williams, Kenneth Dewayne",,EEUU,1998,1999,4,4,Otros,Asesinato,Personas vulnerables
1291,"Williams, Laron",,EEUU,1977,1981,3,5+,Otros,Estrangulamiento,Prostitutas
1292,"Williams, Leslie Allen",,EEUU,1991,1992,4,4,Violación,Asesinato,Hombres
1293,"Williams, Scott",,EEUU,1997,2006,3,3,Otros,Asesinato,Hombres
1294,"Williams, Wayne",,EEUU,1979,1981,2,23,Otros,Asesinato,Desconocidos
1295,"Williamson, Thomas Andrew",,EEUU,1868,1890,4,4,Otros,Asesinato,Personas vulnerables
1296,"Willie, Robert Lee",,EEUU,1978,1980,3,5,Otros,Asesinato,Personas vulnerables
1297,"Wimberly, Anthony",,EEUU,1984,1985,3,3,Otros,Asesinato,Hombres
1298,"Winters, Shirley",,EEUU,1980,2006,2,7,Pirómano,Asesinato,Menores
1299,"Wise, Martha",,EEUU,1924,1925,3,3,Otros,Veneno,Personas vulnerables
1302,"Wood, Frederick Charles",,EEUU,1926,1960,5,5,Otros,Asesinato,Personas vulnerables
1304,"Woodfield, Randall",The I-5 Killer,EEUU,1979,1981,18,44,Otros,Asesinato,Desconocidos
1305,"Wooten, Charles",,EEUU,1969,1993,3,3,Otros,Asesinato,Hombres
1306,"Wright, Douglas Franklin",,EEUU,1969,1991,7,7+,Otros,Asesinato,Desconocidos
1307,"Wuornos, Aileen",Damsel of Death,EEUU,1989,1990,7,7,Otros,Disparo,Hombres
1308,"Yates, Robert Lee",,EEUU,1975,1998,13,18+,Otros,Asesinato,Hombres
1309,"Zarinsky, Robert",,EEUU,1958,1974,2,10,Otros,Asesinato,Mujeres
1310,Albuquerque serial killer,,EEUU,2021,2022,2,4,Otros,Asesinato,Hombres
1311,Alphabet murders,Double Initial Murders,EEUU,1971,1973,3,3,Otros,Asesinato,Mujeres
1313,Atlanta child murders,,EEUU,1979,1981,28,30,Otros,Asesinato,Menores
1317,Bag murders,,EEUU,1975,1977,6,6,Violación,Asesinato,Hombres
1319,Boston Strangler,,EEUU,1962,1964,13,13,Otros,Asesinato,Hombres
1320,Bouncing Ball Killer,,EEUU,1959,1960,6,7+,Otros,Asesinato,Hombres
1321,Bra murders,,EEUU,1967,1971,5,5,Otros,Asesinato,Hombres
1322,Castration serial murders,,EEUU,1980,1986,2,5+,Otros,Disparo,Hombres
1323,Charlie Chop-off,,EEUU,1972,1974,4,4,Otros,Asesinato,Hombres
1324,Chicago Strangler,,EEUU,2001,2021,55,75+,Violación,Estrangulamiento,Hombres
1325,Cincinnati Strangler,,EEUU,1965,1966,7,7,Violación,Estrangulamiento,Hombres
1327,Colonial Parkway Killer,,EEUU,1986,1989,8,8,Otros,Asesinato,Personas vulnerables
1328,Columbus murders,,EEUU,1965,1966,3,3,Otros,Asesinato,Desconocidos
1329,Connecticut River Valley Killer,,EEUU,1978,1987,7,7+,Otros,Apuñalamiento,Hombres
1330,Cumminsville murders,,EEUU,1904,1910,5,5,Otros,Asesinato,Hombres
1331,Dayton Strangler,,EEUU,1900,1909,6,6,Otros,Asesinato,Hombres
1332,Denver Prostitute Killer,,EEUU,1975,1995,17,27,Violación,Estrangulamiento,Mujeres
1333,Denver Strangler,,EEUU,1894,1903,3,5,Otros,Estrangulamiento,Prostitutas
1334,Doodler,,EEUU,1974,1975,6,16,Otros,Apuñalamiento,Hombres
1338,Flat-Tire murders,,EEUU,1975,1976,12,35,Otros,Estrangulamiento,Mujeres
1339,Flint Serial Slasher,,EEUU,2009,2010,5,5,Otros,Asesinato,Hombres
1340,Frankford Slasher,,EEUU,1985,1990,8,9,Otros,Asesinato,Desconocidos
1341,Freeway Phantom,,EEUU,1971,1972,6,6,Violación,Estrangulamiento,Mujeres
1343,Golden Years Murders,,EEUU,1990,1996,13,13+,Otros,Asesinato,Hombres
1344,Great Basin Killer,Great Basin Murders,EEUU,1983,1997,4,4+,Violación,Asesinato,Mujeres
1346,Hog Trail Murders,,EEUU,1993,1996,6,12,Otros,Asesinato,Hombres
1348,Honolulu Strangler,,EEUU,1985,1986,5,5,Violación,Estrangulamiento,Hombres
1350,I-70 killer,,EEUU,1992,2001,6,9,Otros,Asesinato,Desconocidos
1351,I-70 Strangler,,EEUU,1980,1991,12,12,Otros,Asesinato,Hombres
1352,Jeff Davis 8,,EEUU,2005,2009,8,8,Otros,Asesinato,Hombres
1354,Little Rock serial stabbings,,EEUU,2020,2021,3,3,Otros,Asesinato,Desconocidos
1355,Long Island serial killer,,EEUU,1996,2010,10,17,Otros,Asesinato,Menores
1359,Miami Strangler,,EEUU,1964,1970,9,11,Otros,Asesinato,Hombres
1360,Michigan Murders,,EEUU,1967,1969,1,7,Violación,Apuñalamiento,Hombres
1361,New Bedford Highway Killer,,EEUU,1988,1989,9,11,Otros,Asesinato,Hombres
1362,Oakland County Child Killer,Babysitter,EEUU,1976,1977,4,4+,Otros,Asesinato,Menores
1363,Oklahoma City Butcher,,EEUU,1976,1986,3,3,Otros,Asesinato,Hombres
1366,Pittsburg serial murders,,EEUU,1998,1999,5,5,Otros,Asesinato,Hombres
1368,Redhead murders,The Bible Belt Strangler,EEUU,1978,1992,8,11,Otros,Estrangulamiento,Desconocidos
1369,Santa Rosa hitchhiker murders,,EEUU,1972,1973,7,7+,Otros,Asesinato,Desconocidos
1370,Servant Girl Annihilator,Austin Axe Murderer,EEUU,1884,1885,8,8,Otros,Asesinato,Desconocidos
1371,Skid Row Stabber,,EEUU,1978,1979,11,11,Otros,Asesinato,Hombres
1373,Storyville Slayer,,EEUU,1991,1996,24,24+,Secuestro,Estrangulamiento,Prostitutas
1374,Stockton serial shootings,,EEUU,2021,2022,6,7+,Otros,Disparo,Hombres
1375,Suitland murders,,EEUU,1986,1987,5,9,Violación,Apuñalamiento,Hombres
1378,West Mesa murders,,EEUU,2003,2009,11,11+,Otros,Asesinato,Hombres
1379,Zodiac Killer,,EEUU,1968,1974,5,37,Otros,Asesinato,Personas vulnerables
1487,Rosario Alfonso,,Mexico,2018,2020,3,4,Otros,Asesinato,Hombres
1488,Esteban Lorenzo Duarte,,Argentina,2004,2020,2,5,Otros,Asesinato,Desconocidos
1489,Kenyel Brown,Metro Detroit killer,EEUU,2001,2020,7,7,Otros,Asesinato,Personas vulnerables
1490,Travis Lewis,,EEUU,1996,2020,3,3,Otros,Estrangulamiento,Personas vulnerables
1491,Andrey Yezhov,The Kashirsky Maniac,Russia,2010,2020,7,7,Otros,Asesinato,Mujeres
1493,Omar Santos Loera,,Mexico,2010,2020,3,3,Otros,Asesinato,Personas vulnerables
1494,Ismael Antonio Sánchez and José Rojas,,Argentina,2019,2020,3,3,Otros,Asesinato,Hombres
1495,Hugo Bustamante Pérez,,Chile,2005,2020,3,3,Otros,Asesinato,Desconocidos
1497,Yuri Sparihin,The Novorossiysk Maniac,Russia,1980,2020,4,4,Violación,Asesinato,Menores
1499,Harold David Haulman III,,Germany,1999,2020,3,4,Otros,Asesinato,Hombres
1500,Omar Fernandez Herrada,,Bolivia,2017,2020,4,4,Otros,Asesinato,Personas vulnerables
1502,Rustam Kiknadze,,Kazakhstan,2004,2020,5,5,Violación,Asesinato,Hombres
1505,Kwon Jae-chan,,South,2003,2021,3,3,Otros,Asesinato,Personas vulnerables
1506,Hugo Ernesto Osorio Chavez,,El,2019,2021,14,40,Violación,Asesinato,Mujeres
1507,Andrés Mendoza,,Mexico,2001,2021,19,19+,Canibalismo,Asesinato,Menores
1508,Lázaro Barbosa de Sousa,,Brazil,2007,2021,6,6,Otros,Asesinato,Hombres
1509,Masten Milimu Wanjala,,Kenya,2015,2021,10,10,Otros,Asesinato,Menores
1511,Daniel Printz,,EEUU,2017,2021,1,4,Otros,Asesinato,Hombres
1512,Fabricio Eloy Ludeña,Undertaker of Dayuma,Ecuador,2017,2021,3,4,Otros,Asesinato,Hombres
1514,Richard Choque,,Bolivia,2013,2021,3,4+,Violación,Asesinato,Hombres
1515,Shavkat Shayakhmedov,,Russia,2000,2021,4,4,Violación,Asesinato,Menores
1516,William Devonshire,,EEUU,2003,2022,3,3,Otros,Asesinato,Hombres
1518,Roberto José Carmona,The Human Hyena,Argentina,1986,2022,4,4,Violación,Asesinato,Hombres
1519,Mario Alberto Berrios Muñoz,,Mexico,2021,2023,2,10+,Violación,Asesinato,Hombres
